FM02 Sub-Sonic Wind Tunel Test Report : Date20/02/2025,,,,,,,,,,,,,,,,,,,,,,,,,,,,
"Time
(h:min:sec)","Act.AirSpeed
(m/s)","AirTemp.
(C)","Act.Angle
(deg)","DragForce
(N)","LiftForce
(N)","Pitching
Mmnt(Nm)","PitotX
(mm)","PitotY
(mm)","Prs.1
(kPa)","Prs.2
(kPa)","Prs.3
(kPa)","Prs.4
(kPa)","Prs.5
(kPa)","Prs.6
(kPa)","Prs.7
(kPa)","Prs.8
(kPa)","Prs.9
(kPa)","Prs.10
(kPa)","Prs.11
(kPa)","Prs.12
(kPa)","Prs.13
(kPa)","Prs.14
(kPa)","Prs.15
(kPa)","Prs.16
(kPa)","Prs.17
(kPa)","Prs.18
(kPa)","Prs.19
(kPa)","Prs.20
(kPa)"
16:26:56,11.9,23.6,0,-0.09,0.02,-0.008,200,50,-0.004,-0.004,-0.004,-0.004,-0.003,-0.003,-0.004,-0.003,-0.004,-0.003,-0.004,-0.004,-0.004,-0.003,-0.003,-0.004,0,0,0,0
16:26:57,12,23.6,0,-0.09,0.03,-0.009,200,50,-0.004,-0.004,-0.004,-0.004,-0.003,-0.003,-0.004,-0.003,-0.004,-0.003,-0.004,-0.004,-0.004,-0.003,-0.003,-0.004,0,0,0,0
16:26:58,12,23.6,0,-0.09,0.03,-0.009,200,50,-0.004,-0.004,-0.004,-0.004,-0.003,-0.003,-0.004,-0.003,-0.004,-0.003,-0.004,-0.004,-0.004,-0.003,-0.003,-0.004,0,0,0,0
16:26:59,12,23.6,0,-0.09,0.03,-0.009,200,50,-0.004,-0.004,-0.004,-0.004,-0.003,-0.003,-0.004,-0.003,-0.004,-0.003,-0.004,-0.004,-0.004,-0.003,-0.003,-0.004,0,0,0,0
16:27:00,11.9,23.5,0,-0.09,0.03,-0.009,200,50,-0.004,-0.004,-0.004,-0.004,-0.003,-0.003,-0.004,-0.003,-0.004,-0.003,-0.004,-0.004,-0.004,-0.003,-0.003,-0.004,0,0,0,0
16:27:01,12,23.5,0,-0.09,0.03,-0.009,200,50,-0.004,-0.004,-0.004,-0.004,-0.003,-0.003,-0.004,-0.003,-0.004,-0.003,-0.004,-0.004,-0.004,-0.003,-0.003,-0.004,0,0,0,0
16:27:02,12,23.5,0,-0.09,0.02,-0.008,200,50,-0.004,-0.004,-0.004,-0.004,-0.003,-0.003,-0.004,-0.003,-0.004,-0.003,-0.004,-0.004,-0.004,-0.003,-0.003,-0.004,0,0,0,0
16:27:03,11.9,23.5,0,-0.09,0.03,-0.009,200,50,-0.004,-0.004,-0.004,-0.004,-0.003,-0.003,-0.004,-0.003,-0.004,-0.003,-0.004,-0.004,-0.004,-0.003,-0.003,-0.004,0,0,0,0
16:27:04,12.1,23.5,0,-0.09,0.03,-0.009,200,50,-0.004,-0.004,-0.004,-0.004,-0.003,-0.003,-0.004,-0.003,-0.004,-0.003,-0.004,-0.004,-0.004,-0.003,-0.003,-0.004,0,0,0,0
16:27:05,11.8,23.5,0,-0.09,0.03,-0.009,200,50,-0.004,-0.004,-0.004,-0.004,-0.003,-0.003,-0.004,-0.003,-0.004,-0.003,-0.004,-0.004,-0.004,-0.003,-0.003,-0.004,0,0,0,0
16:27:06,11.9,23.5,0,-0.09,0.03,-0.009,200,50,-0.004,-0.004,-0.004,-0.004,-0.003,-0.003,-0.004,-0.003,-0.004,-0.003,-0.004,-0.004,-0.004,-0.003,-0.003,-0.004,0,0,0,0
16:27:07,11.9,23.5,0,-0.09,0.03,-0.009,200,50,-0.004,-0.004,-0.004,-0.004,-0.003,-0.003,-0.004,-0.003,-0.004,-0.003,-0.004,-0.004,-0.004,-0.003,-0.003,-0.004,0,0,0,0
16:27:08,11.9,23.5,0,-0.08,0.04,-0.01,200,50,-0.004,-0.004,-0.004,-0.004,-0.003,-0.003,-0.004,-0.003,-0.004,-0.003,-0.004,-0.004,-0.004,-0.003,-0.003,-0.004,0,0,0,0
16:27:09,11.9,23.5,0,-0.08,0.04,-0.01,200,50,-0.004,-0.004,-0.004,-0.004,-0.003,-0.003,-0.004,-0.003,-0.004,-0.003,-0.004,-0.004,-0.004,-0.003,-0.003,-0.004,0,0,0,0
16:27:10,11.8,23.5,0,-0.07,0.03,-0.009,200,50,-0.004,-0.004,-0.004,-0.004,-0.003,-0.003,-0.004,-0.003,-0.004,-0.003,-0.004,-0.004,-0.004,-0.003,-0.003,-0.004,0,0,0,0
16:27:11,12.1,23.5,0,-0.07,0.04,-0.008,200,50,-0.004,-0.004,-0.004,-0.004,-0.003,-0.003,-0.004,-0.003,-0.004,-0.003,-0.004,-0.004,-0.004,-0.003,-0.003,-0.004,0,0,0,0
16:27:12,11.9,23.5,0,-0.08,0.04,-0.007,200,50,-0.004,-0.004,-0.004,-0.004,-0.003,-0.003,-0.004,-0.003,-0.004,-0.003,-0.004,-0.004,-0.004,-0.003,-0.003,-0.004,0,0,0,0
16:27:13,12,23.5,0,-0.08,0.03,-0.008,200,50,-0.004,-0.004,-0.004,-0.004,-0.003,-0.003,-0.004,-0.003,-0.004,-0.003,-0.004,-0.004,-0.004,-0.003,-0.003,-0.004,0,0,0,0
16:27:14,12,23.5,0,-0.08,0.03,-0.008,200,50,-0.004,-0.004,-0.004,-0.004,-0.003,-0.003,-0.004,-0.003,-0.004,-0.003,-0.004,-0.004,-0.004,-0.003,-0.003,-0.004,0,0,0,0
16:27:15,11.9,23.5,0,-0.07,0.02,-0.008,200,50,-0.004,-0.004,-0.004,-0.004,-0.003,-0.003,-0.004,-0.003,-0.004,-0.003,-0.004,-0.004,-0.004,-0.003,-0.003,-0.004,0,0,0,0
16:27:16,11.9,23.5,0,-0.07,0.02,-0.008,200,50,-0.004,-0.004,-0.004,-0.004,-0.003,-0.003,-0.004,-0.003,-0.004,-0.003,-0.004,-0.004,-0.004,-0.003,-0.003,-0.004,0,0,0,0
16:27:17,11.8,23.5,0,-0.07,0.03,-0.009,200,50,-0.004,-0.004,-0.004,-0.004,-0.003,-0.003,-0.004,-0.003,-0.004,-0.003,-0.004,-0.004,-0.004,-0.003,-0.003,-0.004,0,0,0,0
16:27:18,12,23.6,0,-0.07,0.04,-0.01,200,50,-0.004,-0.004,-0.004,-0.004,-0.003,-0.003,-0.004,-0.003,-0.004,-0.003,-0.004,-0.004,-0.004,-0.003,-0.003,-0.004,0,0,0,0
16:27:19,11.9,23.6,0,-0.07,0.04,-0.01,200,50,-0.004,-0.004,-0.004,-0.004,-0.003,-0.003,-0.004,-0.003,-0.004,-0.003,-0.004,-0.004,-0.004,-0.003,-0.003,-0.004,0,0,0,0
16:27:20,12.1,23.6,0,-0.07,0.03,-0.009,200,50,-0.004,-0.004,-0.004,-0.004,-0.003,-0.003,-0.004,-0.003,-0.004,-0.003,-0.004,-0.004,-0.004,-0.003,-0.003,-0.004,0,0,0,0
16:27:21,12,23.6,0,-0.07,0.02,-0.008,200,50,-0.004,-0.004,-0.004,-0.004,-0.003,-0.003,-0.004,-0.003,-0.004,-0.003,-0.004,-0.004,-0.004,-0.003,-0.003,-0.004,0,0,0,0
16:27:22,11.9,23.6,0,-0.07,0.02,-0.008,200,50,-0.004,-0.004,-0.004,-0.004,-0.003,-0.003,-0.004,-0.003,-0.004,-0.003,-0.004,-0.004,-0.004,-0.003,-0.003,-0.004,0,0,0,0
16:27:23,12,23.6,0,-0.07,0.03,-0.009,200,50,-0.004,-0.004,-0.004,-0.004,-0.003,-0.003,-0.004,-0.003,-0.004,-0.003,-0.004,-0.004,-0.004,-0.003,-0.003,-0.004,0,0,0,0
16:27:24,11.9,23.6,0,-0.07,0.02,-0.008,200,50,-0.004,-0.004,-0.004,-0.004,-0.003,-0.003,-0.004,-0.003,-0.004,-0.003,-0.004,-0.004,-0.004,-0.003,-0.003,-0.004,0,0,0,0
16:27:25,12,23.6,0,-0.07,0.03,-0.009,200,50,-0.004,-0.004,-0.004,-0.004,-0.003,-0.003,-0.004,-0.003,-0.004,-0.003,-0.004,-0.004,-0.004,-0.003,-0.003,-0.004,0,0,0,0
16:27:26,11.8,23.6,0,-0.07,0.03,-0.009,200,50,-0.004,-0.004,-0.004,-0.004,-0.003,-0.003,-0.004,-0.003,-0.004,-0.003,-0.004,-0.004,-0.004,-0.003,-0.003,-0.004,0,0,0,0
16:27:27,11.9,23.6,0,-0.07,0.03,-0.009,200,50,-0.004,-0.004,-0.004,-0.004,-0.003,-0.003,-0.004,-0.003,-0.004,-0.003,-0.004,-0.004,-0.004,-0.003,-0.003,-0.004,0,0,0,0
16:27:28,11.8,23.6,0,-0.07,0.03,-0.009,200,50,-0.004,-0.004,-0.004,-0.004,-0.003,-0.003,-0.004,-0.003,-0.004,-0.003,-0.004,-0.004,-0.004,-0.003,-0.003,-0.004,0,0,0,0
16:27:29,12,23.6,0,-0.07,0.04,-0.01,200,50,-0.004,-0.004,-0.004,-0.004,-0.003,-0.003,-0.004,-0.003,-0.004,-0.003,-0.004,-0.004,-0.004,-0.003,-0.003,-0.004,0,0,0,0
16:27:30,11.8,23.6,0,-0.08,0.04,-0.01,200,50,-0.004,-0.004,-0.004,-0.004,-0.003,-0.003,-0.004,-0.003,-0.004,-0.003,-0.004,-0.004,-0.004,-0.003,-0.003,-0.004,0,0,0,0
16:27:31,12,23.6,0,-0.08,0.03,-0.009,200,50,-0.004,-0.004,-0.004,-0.004,-0.003,-0.003,-0.004,-0.003,-0.004,-0.003,-0.004,-0.004,-0.004,-0.003,-0.003,-0.004,0,0,0,0
16:27:32,12,23.6,0,-0.08,0.02,-0.008,200,50,-0.004,-0.004,-0.004,-0.004,-0.003,-0.003,-0.004,-0.003,-0.004,-0.003,-0.004,-0.004,-0.004,-0.003,-0.003,-0.004,0,0,0,0
16:27:33,11.8,23.6,0,-0.08,0.02,-0.008,200,50,-0.004,-0.004,-0.004,-0.004,-0.003,-0.003,-0.004,-0.003,-0.004,-0.003,-0.004,-0.004,-0.004,-0.003,-0.003,-0.004,0,0,0,0
16:27:34,11.9,23.6,0,-0.07,0.02,-0.008,200,50,-0.004,-0.004,-0.004,-0.004,-0.003,-0.003,-0.004,-0.003,-0.004,-0.003,-0.004,-0.004,-0.004,-0.003,-0.003,-0.004,0,0,0,0
16:27:35,11.9,23.6,0,-0.07,0.03,-0.008,200,50,-0.004,-0.004,-0.004,-0.004,-0.003,-0.003,-0.004,-0.003,-0.004,-0.003,-0.004,-0.004,-0.004,-0.003,-0.003,-0.004,0,0,0,0
16:27:36,11.8,23.6,0,-0.07,0.03,-0.008,200,50,-0.004,-0.004,-0.004,-0.004,-0.003,-0.003,-0.004,-0.003,-0.004,-0.003,-0.004,-0.004,-0.004,-0.003,-0.003,-0.004,0,0,0,0
16:27:37,12,23.6,0,-0.07,0.04,-0.008,200,50,-0.004,-0.004,-0.004,-0.004,-0.003,-0.003,-0.004,-0.003,-0.004,-0.003,-0.004,-0.004,-0.004,-0.003,-0.003,-0.004,0,0,0,0
16:27:38,12,23.6,0,-0.07,0.04,-0.008,200,50,-0.004,-0.004,-0.004,-0.004,-0.003,-0.003,-0.004,-0.003,-0.004,-0.003,-0.004,-0.004,-0.004,-0.003,-0.003,-0.004,0,0,0,0
16:27:39,11.9,23.6,0,-0.07,0.03,-0.009,200,50,-0.004,-0.004,-0.004,-0.004,-0.003,-0.003,-0.004,-0.003,-0.004,-0.003,-0.004,-0.004,-0.004,-0.003,-0.003,-0.004,0,0,0,0
16:27:40,12,23.6,0,-0.07,0.02,-0.008,200,50,-0.004,-0.004,-0.004,-0.004,-0.003,-0.003,-0.004,-0.003,-0.004,-0.003,-0.004,-0.004,-0.004,-0.003,-0.003,-0.004,0,0,0,0
16:27:41,11.9,23.6,0,-0.07,0.02,-0.008,200,50,-0.004,-0.004,-0.004,-0.004,-0.003,-0.003,-0.004,-0.003,-0.004,-0.003,-0.004,-0.004,-0.004,-0.003,-0.003,-0.004,0,0,0,0
16:27:42,11.9,23.6,0,-0.07,0.04,-0.008,200,50,-0.004,-0.004,-0.004,-0.004,-0.003,-0.003,-0.004,-0.003,-0.004,-0.003,-0.004,-0.004,-0.004,-0.003,-0.003,-0.004,0,0,0,0
16:27:43,11.9,23.6,0,-0.07,0.04,-0.008,200,50,-0.004,-0.004,-0.004,-0.004,-0.003,-0.003,-0.004,-0.003,-0.004,-0.003,-0.004,-0.004,-0.004,-0.003,-0.003,-0.004,0,0,0,0
16:27:44,12,23.6,0,-0.07,0.04,-0.008,200,50,-0.004,-0.004,-0.004,-0.004,-0.003,-0.003,-0.004,-0.003,-0.004,-0.003,-0.004,-0.004,-0.004,-0.003,-0.003,-0.004,0,0,0,0
16:27:45,11.9,23.6,0,-0.07,0.03,-0.008,200,50,-0.004,-0.004,-0.004,-0.004,-0.003,-0.003,-0.004,-0.003,-0.004,-0.003,-0.004,-0.004,-0.004,-0.003,-0.003,-0.004,0,0,0,0
16:27:46,11.9,23.6,0,-0.07,0.02,-0.008,200,50,-0.004,-0.004,-0.004,-0.004,-0.003,-0.003,-0.004,-0.003,-0.004,-0.003,-0.004,-0.004,-0.004,-0.003,-0.003,-0.004,0,0,0,0
16:27:47,12,23.5,0,-0.07,0.03,-0.009,200,50,-0.004,-0.004,-0.004,-0.004,-0.003,-0.003,-0.004,-0.003,-0.004,-0.003,-0.004,-0.004,-0.004,-0.003,-0.003,-0.004,0,0,0,0
16:27:48,11.9,23.5,0,-0.07,0.02,-0.008,200,50,-0.004,-0.004,-0.004,-0.004,-0.003,-0.003,-0.004,-0.003,-0.004,-0.003,-0.004,-0.004,-0.004,-0.003,-0.003,-0.004,0,0,0,0
16:27:49,11.9,23.5,0,-0.07,0.03,-0.008,200,50,-0.004,-0.004,-0.004,-0.004,-0.003,-0.003,-0.004,-0.003,-0.004,-0.003,-0.004,-0.004,-0.004,-0.003,-0.003,-0.004,0,0,0,0
16:27:50,11.9,23.5,0,-0.07,0.03,-0.008,200,50,-0.004,-0.004,-0.004,-0.004,-0.003,-0.003,-0.004,-0.003,-0.004,-0.003,-0.004,-0.004,-0.004,-0.003,-0.003,-0.004,0,0,0,0
16:27:51,12,23.5,0,-0.07,0.02,-0.008,200,50,-0.004,-0.004,-0.004,-0.004,-0.003,-0.003,-0.004,-0.003,-0.004,-0.003,-0.004,-0.004,-0.004,-0.003,-0.003,-0.004,0,0,0,0
16:27:52,11.9,23.5,0,-0.07,0.03,-0.008,200,50,-0.004,-0.004,-0.004,-0.004,-0.003,-0.003,-0.004,-0.003,-0.004,-0.003,-0.004,-0.004,-0.004,-0.003,-0.003,-0.004,0,0,0,0
16:27:53,12,23.5,0,-0.07,0.02,-0.007,200,50,-0.004,-0.004,-0.004,-0.004,-0.003,-0.003,-0.004,-0.003,-0.004,-0.003,-0.004,-0.004,-0.004,-0.003,-0.003,-0.004,0,0,0,0
16:27:54,11.9,23.5,0,-0.07,0.02,-0.007,200,50,-0.004,-0.004,-0.004,-0.004,-0.003,-0.003,-0.004,-0.003,-0.004,-0.003,-0.004,-0.004,-0.004,-0.003,-0.003,-0.004,0,0,0,0
16:27:55,11.9,23.5,0,-0.07,0.04,-0.007,200,50,-0.004,-0.004,-0.004,-0.004,-0.003,-0.003,-0.004,-0.003,-0.004,-0.003,-0.004,-0.004,-0.004,-0.003,-0.003,-0.004,0,0,0,0
16:27:56,11.8,23.5,0,-0.07,0.05,-0.009,200,50,-0.004,-0.004,-0.004,-0.004,-0.003,-0.003,-0.004,-0.003,-0.004,-0.003,-0.004,-0.004,-0.004,-0.003,-0.003,-0.004,0,0,0,0
16:27:57,12,23.5,0,-0.07,0.05,-0.009,200,50,-0.004,-0.004,-0.004,-0.004,-0.003,-0.003,-0.004,-0.003,-0.004,-0.003,-0.004,-0.004,-0.004,-0.003,-0.003,-0.004,0,0,0,0
16:27:58,11.9,23.5,0,-0.07,0.06,-0.008,200,50,-0.004,-0.004,-0.004,-0.004,-0.003,-0.003,-0.004,-0.003,-0.004,-0.003,-0.004,-0.004,-0.004,-0.003,-0.003,-0.004,0,0,0,0
16:27:59,12,23.4,0,-0.07,0.05,-0.008,200,50,-0.004,-0.004,-0.004,-0.004,-0.003,-0.003,-0.004,-0.003,-0.004,-0.003,-0.004,-0.004,-0.004,-0.003,-0.003,-0.004,0,0,0,0
16:28:00,12.1,23.4,0,-0.07,0.04,-0.007,200,50,-0.004,-0.004,-0.004,-0.004,-0.003,-0.003,-0.004,-0.003,-0.004,-0.003,-0.004,-0.004,-0.004,-0.003,-0.003,-0.004,0,0,0,0
16:28:01,11.8,23.4,0,-0.07,0.04,-0.007,200,50,-0.004,-0.004,-0.004,-0.004,-0.003,-0.003,-0.004,-0.003,-0.004,-0.003,-0.004,-0.004,-0.004,-0.003,-0.003,-0.004,0,0,0,0
16:28:02,11.9,23.4,0,-0.07,0.03,-0.008,200,50,-0.004,-0.004,-0.004,-0.004,-0.003,-0.003,-0.004,-0.003,-0.004,-0.003,-0.004,-0.004,-0.004,-0.003,-0.003,-0.004,0,0,0,0
16:28:03,12,23.4,0,-0.07,0.03,-0.008,200,50,-0.004,-0.004,-0.004,-0.004,-0.003,-0.003,-0.004,-0.003,-0.004,-0.003,-0.004,-0.004,-0.004,-0.003,-0.003,-0.004,0,0,0,0
16:28:04,11.8,23.4,0,-0.07,0.04,-0.008,200,50,-0.004,-0.004,-0.004,-0.004,-0.003,-0.003,-0.004,-0.003,-0.004,-0.003,-0.004,-0.004,-0.004,-0.003,-0.003,-0.004,0,0,0,0
16:28:05,11.9,23.4,0,-0.07,0.04,-0.007,200,50,-0.004,-0.004,-0.004,-0.004,-0.003,-0.003,-0.004,-0.003,-0.004,-0.003,-0.004,-0.004,-0.004,-0.003,-0.003,-0.004,0,0,0,0
16:28:06,12,23.4,0,-0.07,0.04,-0.007,200,50,-0.004,-0.004,-0.004,-0.004,-0.003,-0.003,-0.004,-0.003,-0.004,-0.003,-0.004,-0.004,-0.004,-0.003,-0.003,-0.004,0,0,0,0
16:28:07,11.8,23.4,0,-0.07,0.04,-0.007,200,50,-0.004,-0.004,-0.004,-0.004,-0.003,-0.003,-0.004,-0.003,-0.004,-0.003,-0.004,-0.004,-0.004,-0.003,-0.003,-0.004,0,0,0,0
16:28:08,12,23.4,0,-0.07,0.04,-0.007,200,50,-0.004,-0.004,-0.004,-0.004,-0.003,-0.003,-0.004,-0.003,-0.004,-0.003,-0.004,-0.004,-0.004,-0.003,-0.003,-0.004,0,0,0,0
16:28:09,11.9,23.4,0,-0.06,0.04,-0.007,200,50,-0.004,-0.004,-0.004,-0.004,-0.003,-0.003,-0.004,-0.003,-0.004,-0.003,-0.004,-0.004,-0.004,-0.003,-0.003,-0.004,0,0,0,0
16:28:10,11.9,23.4,0,-0.05,0.02,-0.007,200,50,-0.004,-0.004,-0.004,-0.004,-0.003,-0.003,-0.004,-0.003,-0.004,-0.003,-0.004,-0.004,-0.004,-0.003,-0.003,-0.004,0,0,0,0
16:28:11,11.9,23.4,0,-0.05,0.02,-0.007,200,50,-0.004,-0.004,-0.004,-0.004,-0.003,-0.003,-0.004,-0.003,-0.004,-0.003,-0.004,-0.004,-0.004,-0.003,-0.003,-0.004,0,0,0,0
16:28:12,11.9,23.4,0,-0.05,0.03,-0.008,200,50,-0.004,-0.004,-0.004,-0.004,-0.003,-0.003,-0.004,-0.003,-0.004,-0.003,-0.004,-0.004,-0.004,-0.003,-0.003,-0.004,0,0,0,0
16:28:13,11.8,23.4,0,-0.05,0.04,-0.008,200,50,-0.004,-0.004,-0.004,-0.004,-0.003,-0.003,-0.004,-0.003,-0.004,-0.003,-0.004,-0.004,-0.004,-0.003,-0.003,-0.004,0,0,0,0
16:28:14,12,23.4,0,-0.05,0.06,-0.008,200,50,-0.004,-0.004,-0.004,-0.004,-0.003,-0.003,-0.004,-0.003,-0.004,-0.003,-0.004,-0.004,-0.004,-0.003,-0.003,-0.004,0,0,0,0
16:28:15,11.9,23.4,0,-0.05,0.05,-0.008,200,50,-0.004,-0.004,-0.004,-0.004,-0.003,-0.003,-0.004,-0.003,-0.004,-0.003,-0.004,-0.004,-0.004,-0.003,-0.003,-0.004,0,0,0,0
16:28:16,11.9,23.4,0,-0.05,0.04,-0.007,200,50,-0.004,-0.004,-0.004,-0.004,-0.003,-0.003,-0.004,-0.003,-0.004,-0.003,-0.004,-0.004,-0.004,-0.003,-0.003,-0.004,0,0,0,0
16:28:17,11.9,23.4,0,-0.05,0.04,-0.007,200,50,-0.004,-0.004,-0.004,-0.004,-0.003,-0.003,-0.004,-0.003,-0.004,-0.003,-0.004,-0.004,-0.004,-0.003,-0.003,-0.004,0,0,0,0
16:28:18,11.9,23.4,0,-0.05,0.05,-0.008,200,50,-0.004,-0.004,-0.004,-0.004,-0.003,-0.003,-0.004,-0.003,-0.004,-0.003,-0.004,-0.004,-0.004,-0.003,-0.003,-0.004,0,0,0,0
16:28:19,11.9,23.4,0,-0.05,0.06,-0.008,200,50,-0.004,-0.004,-0.004,-0.004,-0.003,-0.003,-0.004,-0.003,-0.004,-0.003,-0.004,-0.004,-0.004,-0.003,-0.003,-0.004,0,0,0,0
16:28:20,11.8,23.4,0,-0.05,0.06,-0.008,200,50,-0.004,-0.004,-0.004,-0.004,-0.003,-0.003,-0.004,-0.003,-0.004,-0.003,-0.004,-0.004,-0.004,-0.003,-0.003,-0.004,0,0,0,0
16:28:21,12,23.4,0,-0.05,0.06,-0.008,200,50,-0.004,-0.004,-0.004,-0.004,-0.003,-0.003,-0.004,-0.003,-0.004,-0.003,-0.004,-0.004,-0.004,-0.003,-0.003,-0.004,0,0,0,0
16:28:22,11.8,23.4,0,-0.05,0.05,-0.008,200,50,-0.004,-0.004,-0.004,-0.004,-0.003,-0.003,-0.004,-0.003,-0.004,-0.003,-0.004,-0.004,-0.004,-0.003,-0.003,-0.004,0,0,0,0
16:28:23,12,23.4,0,-0.05,0.04,-0.007,200,50,-0.004,-0.004,-0.004,-0.004,-0.003,-0.003,-0.004,-0.003,-0.004,-0.003,-0.004,-0.004,-0.004,-0.003,-0.003,-0.004,0,0,0,0
16:28:24,11.9,23.4,0,-0.05,0.04,-0.007,200,50,-0.004,-0.004,-0.004,-0.004,-0.003,-0.003,-0.004,-0.003,-0.004,-0.003,-0.004,-0.004,-0.004,-0.003,-0.003,-0.004,0,0,0,0
16:28:25,11.9,23.4,0,-0.05,0.04,-0.007,200,50,-0.004,-0.004,-0.004,-0.004,-0.003,-0.003,-0.004,-0.003,-0.004,-0.003,-0.004,-0.004,-0.004,-0.003,-0.003,-0.004,0,0,0,0
16:28:26,12,23.4,0,-0.04,0.05,-0.008,200,50,-0.004,-0.004,-0.004,-0.004,-0.003,-0.003,-0.004,-0.003,-0.004,-0.003,-0.004,-0.004,-0.004,-0.003,-0.003,-0.004,0,0,0,0
16:28:27,11.9,23.4,1.9,-0.03,0.05,-0.008,200,50,-0.004,-0.004,-0.004,-0.004,-0.003,-0.003,-0.004,-0.003,-0.004,-0.003,-0.004,-0.004,-0.004,-0.003,-0.003,-0.004,0,0,0,0
16:28:28,12,23.4,2,-0.04,0.14,-0.011,200,50,-0.004,-0.004,-0.004,-0.004,-0.003,-0.003,-0.004,-0.003,-0.004,-0.003,-0.004,-0.004,-0.004,-0.003,-0.003,-0.004,0,0,0,0
16:28:29,11.9,23.4,2,-0.07,0.5,-0.01,200,50,-0.004,-0.004,-0.004,-0.004,-0.003,-0.003,-0.004,-0.003,-0.004,-0.003,-0.004,-0.004,-0.004,-0.003,-0.003,-0.004,0,0,0,0
16:28:30,12,23.4,2,-0.11,0.79,-0.01,200,50,-0.004,-0.004,-0.004,-0.004,-0.003,-0.003,-0.004,-0.003,-0.004,-0.003,-0.004,-0.004,-0.004,-0.003,-0.003,-0.004,0,0,0,0
16:28:31,11.9,23.4,2,-0.16,1.18,-0.007,200,50,-0.004,-0.004,-0.004,-0.004,-0.003,-0.003,-0.004,-0.003,-0.004,-0.003,-0.004,-0.004,-0.004,-0.003,-0.003,-0.004,0,0,0,0
16:28:32,12,23.4,2,-0.17,1.21,-0.01,200,50,-0.004,-0.004,-0.004,-0.004,-0.003,-0.003,-0.004,-0.003,-0.004,-0.003,-0.004,-0.004,-0.004,-0.003,-0.003,-0.004,0,0,0,0
16:28:33,12,23.4,2,-0.17,1.21,-0.01,200,50,-0.004,-0.004,-0.004,-0.004,-0.003,-0.003,-0.004,-0.003,-0.004,-0.003,-0.004,-0.004,-0.004,-0.003,-0.003,-0.004,0,0,0,0
16:28:34,12,23.4,2,-0.17,1.21,-0.01,200,50,-0.004,-0.004,-0.004,-0.004,-0.003,-0.003,-0.004,-0.003,-0.004,-0.003,-0.004,-0.004,-0.004,-0.003,-0.003,-0.004,0,0,0,0
16:28:35,11.9,23.4,2,-0.17,1.21,-0.01,200,50,-0.004,-0.004,-0.004,-0.004,-0.003,-0.003,-0.004,-0.003,-0.004,-0.003,-0.004,-0.004,-0.004,-0.003,-0.003,-0.004,0,0,0,0
16:28:36,11.9,23.4,2,-0.17,1.21,-0.01,200,50,-0.004,-0.004,-0.004,-0.004,-0.003,-0.003,-0.004,-0.003,-0.004,-0.003,-0.004,-0.004,-0.004,-0.003,-0.003,-0.004,0,0,0,0
16:28:37,12,23.4,2,-0.17,1.21,-0.01,200,50,-0.004,-0.004,-0.004,-0.004,-0.003,-0.003,-0.004,-0.003,-0.004,-0.003,-0.004,-0.004,-0.004,-0.003,-0.003,-0.004,0,0,0,0
16:28:38,12.1,23.4,2,-0.17,1.22,-0.011,200,50,-0.004,-0.004,-0.004,-0.004,-0.003,-0.003,-0.004,-0.003,-0.004,-0.003,-0.004,-0.004,-0.004,-0.003,-0.003,-0.004,0,0,0,0
16:28:39,12,23.4,2,-0.17,1.22,-0.011,200,50,-0.004,-0.004,-0.004,-0.004,-0.003,-0.003,-0.004,-0.003,-0.004,-0.003,-0.004,-0.004,-0.004,-0.003,-0.003,-0.004,0,0,0,0
16:28:40,11.9,23.4,2,-0.17,1.22,-0.011,200,50,-0.004,-0.004,-0.004,-0.004,-0.003,-0.003,-0.004,-0.003,-0.004,-0.003,-0.004,-0.004,-0.004,-0.003,-0.003,-0.004,0,0,0,0
16:28:41,12,23.4,2,-0.17,1.21,-0.01,200,50,-0.004,-0.004,-0.004,-0.004,-0.003,-0.003,-0.004,-0.003,-0.004,-0.003,-0.004,-0.004,-0.004,-0.003,-0.003,-0.004,0,0,0,0
16:28:42,12,23.4,2,-0.17,1.21,-0.01,200,50,-0.004,-0.004,-0.004,-0.004,-0.003,-0.003,-0.004,-0.003,-0.004,-0.003,-0.004,-0.004,-0.004,-0.003,-0.003,-0.004,0,0,0,0
16:28:43,12.1,23.4,2,-0.17,1.21,-0.01,200,50,-0.004,-0.004,-0.004,-0.004,-0.003,-0.003,-0.004,-0.003,-0.004,-0.003,-0.004,-0.004,-0.004,-0.003,-0.003,-0.004,0,0,0,0
16:28:44,12,23.4,2,-0.17,1.21,-0.01,200,50,-0.004,-0.004,-0.004,-0.004,-0.003,-0.003,-0.004,-0.003,-0.004,-0.003,-0.004,-0.004,-0.004,-0.003,-0.003,-0.004,0,0,0,0
16:28:45,11.9,23.4,2,-0.17,1.21,-0.01,200,50,-0.004,-0.004,-0.004,-0.004,-0.003,-0.003,-0.004,-0.003,-0.004,-0.003,-0.004,-0.004,-0.004,-0.003,-0.003,-0.004,0,0,0,0
16:28:46,12.1,23.4,2,-0.17,1.22,-0.011,200,50,-0.004,-0.004,-0.004,-0.004,-0.003,-0.003,-0.004,-0.003,-0.004,-0.003,-0.004,-0.004,-0.004,-0.003,-0.003,-0.004,0,0,0,0
16:28:47,12,23.4,2,-0.17,1.22,-0.011,200,50,-0.004,-0.004,-0.004,-0.004,-0.003,-0.003,-0.004,-0.003,-0.004,-0.003,-0.004,-0.004,-0.004,-0.003,-0.003,-0.004,0,0,0,0
16:28:48,12,23.4,2,-0.17,1.23,-0.011,200,50,-0.004,-0.004,-0.004,-0.004,-0.003,-0.003,-0.004,-0.003,-0.004,-0.003,-0.004,-0.004,-0.004,-0.003,-0.003,-0.004,0,0,0,0
16:28:49,12,23.4,2,-0.17,1.22,-0.011,200,50,-0.004,-0.004,-0.004,-0.004,-0.003,-0.003,-0.004,-0.003,-0.004,-0.003,-0.004,-0.004,-0.004,-0.003,-0.003,-0.004,0,0,0,0
16:28:50,11.9,23.4,2,-0.17,1.22,-0.011,200,50,-0.004,-0.004,-0.004,-0.004,-0.003,-0.003,-0.004,-0.003,-0.004,-0.003,-0.004,-0.004,-0.004,-0.003,-0.003,-0.004,0,0,0,0
16:28:51,12,23.4,2,-0.17,1.21,-0.01,200,50,-0.004,-0.004,-0.004,-0.004,-0.003,-0.003,-0.004,-0.003,-0.004,-0.003,-0.004,-0.004,-0.004,-0.003,-0.003,-0.004,0,0,0,0
16:28:52,12,23.4,2,-0.17,1.21,-0.01,200,50,-0.004,-0.004,-0.004,-0.004,-0.003,-0.003,-0.004,-0.003,-0.004,-0.003,-0.004,-0.004,-0.004,-0.003,-0.003,-0.004,0,0,0,0
16:28:53,12.1,23.4,2,-0.17,1.21,-0.01,200,50,-0.004,-0.004,-0.004,-0.004,-0.003,-0.003,-0.004,-0.003,-0.004,-0.003,-0.004,-0.004,-0.004,-0.003,-0.003,-0.004,0,0,0,0
16:28:54,12,23.4,2,-0.16,1.21,-0.01,200,50,-0.004,-0.004,-0.004,-0.004,-0.003,-0.003,-0.004,-0.003,-0.004,-0.003,-0.004,-0.004,-0.004,-0.003,-0.003,-0.004,0,0,0,0
16:28:55,12,23.4,2,-0.16,1.21,-0.01,200,50,-0.004,-0.004,-0.004,-0.004,-0.003,-0.003,-0.004,-0.003,-0.004,-0.003,-0.004,-0.004,-0.004,-0.003,-0.003,-0.004,0,0,0,0
16:28:56,11.9,23.4,2,-0.16,1.21,-0.01,200,50,-0.004,-0.004,-0.004,-0.004,-0.003,-0.003,-0.004,-0.003,-0.004,-0.003,-0.004,-0.004,-0.004,-0.003,-0.003,-0.004,0,0,0,0
16:28:57,11.9,23.4,2,-0.17,1.21,-0.01,200,50,-0.004,-0.004,-0.004,-0.004,-0.003,-0.003,-0.004,-0.003,-0.004,-0.003,-0.004,-0.004,-0.004,-0.003,-0.003,-0.004,0,0,0,0
16:28:58,12,23.4,2,-0.17,1.21,-0.01,200,50,-0.004,-0.004,-0.004,-0.004,-0.003,-0.003,-0.004,-0.003,-0.004,-0.003,-0.004,-0.004,-0.004,-0.003,-0.003,-0.004,0,0,0,0
16:28:59,11.9,23.4,2,-0.17,1.21,-0.01,200,50,-0.004,-0.004,-0.004,-0.004,-0.003,-0.003,-0.004,-0.003,-0.004,-0.003,-0.004,-0.004,-0.004,-0.003,-0.003,-0.004,0,0,0,0
16:29:00,12,23.4,2,-0.17,1.21,-0.01,200,50,-0.004,-0.004,-0.004,-0.004,-0.003,-0.003,-0.004,-0.003,-0.004,-0.003,-0.004,-0.004,-0.004,-0.003,-0.003,-0.004,0,0,0,0
16:29:01,12.1,23.4,2,-0.16,1.21,-0.01,200,50,-0.004,-0.004,-0.004,-0.004,-0.003,-0.003,-0.004,-0.003,-0.004,-0.003,-0.004,-0.004,-0.004,-0.003,-0.003,-0.004,0,0,0,0
16:29:02,11.9,23.4,2,-0.17,1.21,-0.01,200,50,-0.004,-0.004,-0.004,-0.004,-0.003,-0.003,-0.004,-0.003,-0.004,-0.003,-0.004,-0.004,-0.004,-0.003,-0.003,-0.004,0,0,0,0
16:29:03,12,23.4,2,-0.16,1.21,-0.01,200,50,-0.004,-0.004,-0.004,-0.004,-0.003,-0.003,-0.004,-0.003,-0.004,-0.003,-0.004,-0.004,-0.004,-0.003,-0.003,-0.004,0,0,0,0
16:29:04,12,23.4,2,-0.16,1.21,-0.01,200,50,-0.004,-0.004,-0.004,-0.004,-0.003,-0.003,-0.004,-0.003,-0.004,-0.003,-0.004,-0.004,-0.004,-0.003,-0.003,-0.004,0,0,0,0
16:29:05,12,23.4,2,-0.16,1.21,-0.01,200,50,-0.004,-0.004,-0.004,-0.004,-0.003,-0.003,-0.004,-0.003,-0.004,-0.003,-0.004,-0.004,-0.004,-0.003,-0.003,-0.004,0,0,0,0
16:29:06,12.1,23.4,2,-0.15,1.21,-0.01,200,50,-0.004,-0.004,-0.004,-0.004,-0.003,-0.003,-0.004,-0.003,-0.004,-0.003,-0.004,-0.004,-0.004,-0.003,-0.003,-0.004,0,0,0,0
16:29:07,11.9,23.4,2,-0.15,1.2,-0.01,200,50,-0.004,-0.004,-0.004,-0.004,-0.003,-0.003,-0.004,-0.003,-0.004,-0.003,-0.004,-0.004,-0.004,-0.003,-0.003,-0.004,0,0,0,0
16:29:08,11.9,23.4,2,-0.15,1.2,-0.01,200,50,-0.004,-0.004,-0.004,-0.004,-0.003,-0.003,-0.004,-0.003,-0.004,-0.003,-0.004,-0.004,-0.004,-0.003,-0.003,-0.004,0,0,0,0
16:29:09,11.9,23.4,2,-0.15,1.2,-0.01,200,50,-0.004,-0.004,-0.004,-0.004,-0.003,-0.003,-0.004,-0.003,-0.004,-0.003,-0.004,-0.004,-0.004,-0.003,-0.003,-0.004,0,0,0,0
16:29:10,12,23.4,2,-0.15,1.2,-0.01,200,50,-0.004,-0.004,-0.004,-0.004,-0.003,-0.003,-0.004,-0.003,-0.004,-0.003,-0.004,-0.004,-0.004,-0.003,-0.003,-0.004,0,0,0,0
16:29:11,12,23.4,2,-0.15,1.21,-0.01,200,50,-0.004,-0.004,-0.004,-0.004,-0.003,-0.003,-0.004,-0.003,-0.004,-0.003,-0.004,-0.004,-0.004,-0.003,-0.003,-0.004,0,0,0,0
16:29:12,11.9,23.4,2,-0.15,1.21,-0.01,200,50,-0.004,-0.004,-0.004,-0.004,-0.003,-0.003,-0.004,-0.003,-0.004,-0.003,-0.004,-0.004,-0.004,-0.003,-0.003,-0.004,0,0,0,0
16:29:13,12.1,23.4,2,-0.15,1.2,-0.01,200,50,-0.004,-0.004,-0.004,-0.004,-0.003,-0.003,-0.004,-0.003,-0.004,-0.003,-0.004,-0.004,-0.004,-0.003,-0.003,-0.004,0,0,0,0
16:29:14,12.1,23.3,2,-0.15,1.2,-0.01,200,50,-0.004,-0.004,-0.004,-0.004,-0.003,-0.003,-0.004,-0.003,-0.004,-0.003,-0.004,-0.004,-0.004,-0.003,-0.003,-0.004,0,0,0,0
16:29:15,12,23.3,2,-0.15,1.2,-0.01,200,50,-0.004,-0.004,-0.004,-0.004,-0.003,-0.003,-0.004,-0.003,-0.004,-0.003,-0.004,-0.004,-0.004,-0.003,-0.003,-0.004,0,0,0,0
16:29:16,12,23.3,2,-0.15,1.21,-0.01,200,50,-0.004,-0.004,-0.004,-0.004,-0.003,-0.003,-0.004,-0.003,-0.004,-0.003,-0.004,-0.004,-0.004,-0.003,-0.003,-0.004,0,0,0,0
16:29:17,12,23.3,2,-0.15,1.21,-0.01,200,50,-0.004,-0.004,-0.004,-0.004,-0.003,-0.003,-0.004,-0.003,-0.004,-0.003,-0.004,-0.004,-0.004,-0.003,-0.003,-0.004,0,0,0,0
16:29:18,12,23.3,2,-0.15,1.21,-0.01,200,50,-0.004,-0.004,-0.004,-0.004,-0.003,-0.003,-0.004,-0.003,-0.004,-0.003,-0.004,-0.004,-0.004,-0.003,-0.003,-0.004,0,0,0,0
16:29:19,12,23.3,2,-0.15,1.2,-0.01,200,50,-0.004,-0.004,-0.004,-0.004,-0.003,-0.003,-0.004,-0.003,-0.004,-0.003,-0.004,-0.004,-0.004,-0.003,-0.003,-0.004,0,0,0,0
16:29:20,11.9,23.3,2,-0.15,1.2,-0.01,200,50,-0.004,-0.004,-0.004,-0.004,-0.003,-0.003,-0.004,-0.003,-0.004,-0.003,-0.004,-0.004,-0.004,-0.003,-0.003,-0.004,0,0,0,0
16:29:21,12,23.3,2.1,-0.15,1.2,-0.01,200,50,-0.004,-0.004,-0.004,-0.004,-0.003,-0.003,-0.004,-0.003,-0.004,-0.003,-0.004,-0.004,-0.004,-0.003,-0.003,-0.004,0,0,0,0
16:29:22,11.9,23.3,4,-0.15,1.19,-0.01,200,50,-0.004,-0.004,-0.004,-0.004,-0.003,-0.003,-0.004,-0.003,-0.004,-0.003,-0.004,-0.004,-0.004,-0.003,-0.003,-0.004,0,0,0,0
16:29:23,12.1,23.3,4,-0.14,1.28,-0.011,200,50,-0.004,-0.004,-0.004,-0.004,-0.003,-0.003,-0.004,-0.003,-0.004,-0.003,-0.004,-0.004,-0.004,-0.003,-0.003,-0.004,0,0,0,0
16:29:24,12.1,23.3,4,-0.15,1.54,-0.009,200,50,-0.004,-0.004,-0.004,-0.004,-0.003,-0.003,-0.004,-0.003,-0.004,-0.003,-0.004,-0.004,-0.004,-0.003,-0.003,-0.004,0,0,0,0
16:29:25,12.1,23.3,4,-0.17,1.91,-0.01,200,50,-0.004,-0.004,-0.004,-0.004,-0.003,-0.003,-0.004,-0.003,-0.004,-0.003,-0.004,-0.004,-0.004,-0.003,-0.003,-0.004,0,0,0,0
16:29:26,12.1,23.3,4,-0.19,2.05,-0.01,200,50,-0.004,-0.004,-0.004,-0.004,-0.003,-0.003,-0.004,-0.003,-0.004,-0.003,-0.004,-0.004,-0.004,-0.003,-0.003,-0.004,0,0,0,0
16:29:27,12,23.3,4,-0.19,2.04,-0.01,200,50,-0.004,-0.004,-0.004,-0.004,-0.003,-0.003,-0.004,-0.003,-0.004,-0.003,-0.004,-0.004,-0.004,-0.003,-0.003,-0.004,0,0,0,0
16:29:28,12,23.3,4,-0.18,2.03,-0.01,200,50,-0.004,-0.004,-0.004,-0.004,-0.003,-0.003,-0.004,-0.003,-0.004,-0.003,-0.004,-0.004,-0.004,-0.003,-0.003,-0.004,0,0,0,0
16:29:29,12,23.3,4,-0.17,2.03,-0.01,200,50,-0.004,-0.004,-0.004,-0.004,-0.003,-0.003,-0.004,-0.003,-0.004,-0.003,-0.004,-0.004,-0.004,-0.003,-0.003,-0.004,0,0,0,0
16:29:30,12,23.3,4,-0.17,2.04,-0.01,200,50,-0.004,-0.004,-0.004,-0.004,-0.003,-0.003,-0.004,-0.003,-0.004,-0.003,-0.004,-0.004,-0.004,-0.003,-0.003,-0.004,0,0,0,0
16:29:31,12,23.3,4,-0.17,2.04,-0.01,200,50,-0.004,-0.004,-0.004,-0.004,-0.003,-0.003,-0.004,-0.003,-0.004,-0.003,-0.004,-0.004,-0.004,-0.003,-0.003,-0.004,0,0,0,0
16:29:32,12,23.3,4,-0.17,2.05,-0.011,200,50,-0.004,-0.004,-0.004,-0.004,-0.003,-0.003,-0.004,-0.003,-0.004,-0.003,-0.004,-0.004,-0.004,-0.003,-0.003,-0.004,0,0,0,0
16:29:33,12.1,23.3,4,-0.17,2.05,-0.011,200,50,-0.004,-0.004,-0.004,-0.004,-0.003,-0.003,-0.004,-0.003,-0.004,-0.003,-0.004,-0.004,-0.004,-0.003,-0.003,-0.004,0,0,0,0
16:29:34,12.1,23.3,4,-0.17,2.06,-0.011,200,50,-0.004,-0.004,-0.004,-0.004,-0.003,-0.003,-0.004,-0.003,-0.004,-0.003,-0.004,-0.004,-0.004,-0.003,-0.003,-0.004,0,0,0,0
16:29:35,12.1,23.3,4,-0.17,2.06,-0.012,200,50,-0.004,-0.004,-0.004,-0.004,-0.003,-0.003,-0.004,-0.003,-0.004,-0.003,-0.004,-0.004,-0.004,-0.003,-0.003,-0.004,0,0,0,0
16:29:36,12,23.3,4,-0.17,2.06,-0.011,200,50,-0.004,-0.004,-0.004,-0.004,-0.003,-0.003,-0.004,-0.003,-0.004,-0.003,-0.004,-0.004,-0.004,-0.003,-0.003,-0.004,0,0,0,0
16:29:37,12.1,23.3,4,-0.17,2.05,-0.011,200,50,-0.004,-0.004,-0.004,-0.004,-0.003,-0.003,-0.004,-0.003,-0.004,-0.003,-0.004,-0.004,-0.004,-0.003,-0.003,-0.004,0,0,0,0
16:29:38,12.1,23.3,4,-0.17,2.04,-0.01,200,50,-0.004,-0.004,-0.004,-0.004,-0.003,-0.003,-0.004,-0.003,-0.004,-0.003,-0.004,-0.004,-0.004,-0.003,-0.003,-0.004,0,0,0,0
16:29:39,12.1,23.3,4,-0.17,2.05,-0.011,200,50,-0.004,-0.004,-0.004,-0.004,-0.003,-0.003,-0.004,-0.003,-0.004,-0.003,-0.004,-0.004,-0.004,-0.003,-0.003,-0.004,0,0,0,0
16:29:40,12.2,23.3,4,-0.17,2.06,-0.011,200,50,-0.004,-0.004,-0.004,-0.004,-0.003,-0.003,-0.004,-0.003,-0.004,-0.003,-0.004,-0.004,-0.004,-0.003,-0.003,-0.004,0,0,0,0
16:29:41,12,23.4,4,-0.17,2.06,-0.011,200,50,-0.004,-0.004,-0.004,-0.004,-0.003,-0.003,-0.004,-0.003,-0.004,-0.003,-0.004,-0.004,-0.004,-0.003,-0.003,-0.004,0,0,0,0
16:29:42,12.1,23.4,4,-0.17,2.06,-0.011,200,50,-0.004,-0.004,-0.004,-0.004,-0.003,-0.003,-0.004,-0.003,-0.004,-0.003,-0.004,-0.004,-0.004,-0.003,-0.003,-0.004,0,0,0,0
16:29:43,12.1,23.4,4,-0.17,2.05,-0.011,200,50,-0.004,-0.004,-0.004,-0.004,-0.003,-0.003,-0.004,-0.003,-0.004,-0.003,-0.004,-0.004,-0.004,-0.003,-0.003,-0.004,0,0,0,0
16:29:44,11.9,23.4,4,-0.17,2.05,-0.011,200,50,-0.004,-0.004,-0.004,-0.004,-0.003,-0.003,-0.004,-0.003,-0.004,-0.003,-0.004,-0.004,-0.004,-0.003,-0.003,-0.004,0,0,0,0
16:29:45,12.1,23.4,4,-0.17,2.05,-0.011,200,50,-0.004,-0.004,-0.004,-0.004,-0.003,-0.003,-0.004,-0.003,-0.004,-0.003,-0.004,-0.004,-0.004,-0.003,-0.003,-0.004,0,0,0,0
16:29:46,12,23.4,4,-0.17,2.05,-0.011,200,50,-0.004,-0.004,-0.004,-0.004,-0.003,-0.003,-0.004,-0.003,-0.004,-0.003,-0.004,-0.004,-0.004,-0.003,-0.003,-0.004,0,0,0,0
16:29:47,12,23.4,4,-0.17,2.06,-0.011,200,50,-0.004,-0.004,-0.004,-0.004,-0.003,-0.003,-0.004,-0.003,-0.004,-0.003,-0.004,-0.004,-0.004,-0.003,-0.003,-0.004,0,0,0,0
16:29:48,12.1,23.4,4,-0.17,2.06,-0.011,200,50,-0.004,-0.004,-0.004,-0.004,-0.003,-0.003,-0.004,-0.003,-0.004,-0.003,-0.004,-0.004,-0.004,-0.003,-0.003,-0.004,0,0,0,0
16:29:49,12.1,23.4,4,-0.17,2.06,-0.011,200,50,-0.004,-0.004,-0.004,-0.004,-0.003,-0.003,-0.004,-0.003,-0.004,-0.003,-0.004,-0.004,-0.004,-0.003,-0.003,-0.004,0,0,0,0
16:29:50,12,23.4,4,-0.17,2.05,-0.011,200,50,-0.004,-0.004,-0.004,-0.004,-0.003,-0.003,-0.004,-0.003,-0.004,-0.003,-0.004,-0.004,-0.004,-0.003,-0.003,-0.004,0,0,0,0
16:29:51,12,23.4,4,-0.17,2.05,-0.011,200,50,-0.004,-0.004,-0.004,-0.004,-0.003,-0.003,-0.004,-0.003,-0.004,-0.003,-0.004,-0.004,-0.004,-0.003,-0.003,-0.004,0,0,0,0
16:29:52,12.2,23.4,4,-0.16,2.05,-0.011,200,50,-0.004,-0.004,-0.004,-0.004,-0.003,-0.003,-0.004,-0.003,-0.004,-0.003,-0.004,-0.004,-0.004,-0.003,-0.003,-0.004,0,0,0,0
16:29:53,12.1,23.4,4,-0.15,2.05,-0.011,200,50,-0.004,-0.004,-0.004,-0.004,-0.003,-0.003,-0.004,-0.003,-0.004,-0.003,-0.004,-0.004,-0.004,-0.003,-0.003,-0.004,0,0,0,0
16:29:54,12,23.4,4,-0.15,2.06,-0.011,200,50,-0.004,-0.004,-0.004,-0.004,-0.003,-0.003,-0.004,-0.003,-0.004,-0.003,-0.004,-0.004,-0.004,-0.003,-0.003,-0.004,0,0,0,0
16:29:55,12,23.4,4,-0.15,2.06,-0.011,200,50,-0.004,-0.004,-0.004,-0.004,-0.003,-0.003,-0.004,-0.003,-0.004,-0.003,-0.004,-0.004,-0.004,-0.003,-0.003,-0.004,0,0,0,0
16:29:56,12.2,23.4,4,-0.15,2.05,-0.011,200,50,-0.004,-0.004,-0.004,-0.004,-0.003,-0.003,-0.004,-0.003,-0.004,-0.003,-0.004,-0.004,-0.004,-0.003,-0.003,-0.004,0,0,0,0
16:29:57,11.8,23.4,4,-0.15,2.04,-0.01,200,50,-0.004,-0.004,-0.004,-0.004,-0.003,-0.003,-0.004,-0.003,-0.004,-0.003,-0.004,-0.004,-0.004,-0.003,-0.003,-0.004,0,0,0,0
16:29:58,12,23.4,4,-0.15,2.04,-0.01,200,50,-0.004,-0.004,-0.004,-0.004,-0.003,-0.003,-0.004,-0.003,-0.004,-0.003,-0.004,-0.004,-0.004,-0.003,-0.003,-0.004,0,0,0,0
16:29:59,12.2,23.4,4,-0.15,2.05,-0.011,200,50,-0.004,-0.004,-0.004,-0.004,-0.003,-0.003,-0.004,-0.003,-0.004,-0.003,-0.004,-0.004,-0.004,-0.003,-0.003,-0.004,0,0,0,0
16:30:00,12.1,23.4,4,-0.15,2.05,-0.011,200,50,-0.004,-0.004,-0.004,-0.004,-0.003,-0.003,-0.004,-0.003,-0.004,-0.003,-0.004,-0.004,-0.004,-0.003,-0.003,-0.004,0,0,0,0
16:30:01,12.1,23.4,4,-0.15,2.06,-0.011,200,50,-0.004,-0.004,-0.004,-0.004,-0.003,-0.003,-0.004,-0.003,-0.004,-0.003,-0.004,-0.004,-0.004,-0.003,-0.003,-0.004,0,0,0,0
16:30:02,12.2,23.4,4,-0.15,2.06,-0.011,200,50,-0.004,-0.004,-0.004,-0.004,-0.003,-0.003,-0.004,-0.003,-0.004,-0.003,-0.004,-0.004,-0.004,-0.003,-0.003,-0.004,0,0,0,0
16:30:03,12.1,23.4,4,-0.15,2.06,-0.011,200,50,-0.004,-0.004,-0.004,-0.004,-0.003,-0.003,-0.004,-0.003,-0.004,-0.003,-0.004,-0.004,-0.004,-0.003,-0.003,-0.004,0,0,0,0
16:30:04,12.2,23.4,4,-0.15,2.06,-0.011,200,50,-0.004,-0.004,-0.004,-0.004,-0.003,-0.003,-0.004,-0.003,-0.004,-0.003,-0.004,-0.004,-0.004,-0.003,-0.003,-0.004,0,0,0,0
16:30:05,12.1,23.4,4,-0.15,2.06,-0.011,200,50,-0.004,-0.004,-0.004,-0.004,-0.003,-0.003,-0.004,-0.003,-0.004,-0.003,-0.004,-0.004,-0.004,-0.003,-0.003,-0.004,0,0,0,0
16:30:06,12.2,23.4,4,-0.15,2.06,-0.011,200,50,-0.004,-0.004,-0.004,-0.004,-0.003,-0.003,-0.004,-0.003,-0.004,-0.003,-0.004,-0.004,-0.004,-0.003,-0.003,-0.004,0,0,0,0
16:30:07,12,23.4,4,-0.15,2.06,-0.011,200,50,-0.004,-0.004,-0.004,-0.004,-0.003,-0.003,-0.004,-0.003,-0.004,-0.003,-0.004,-0.004,-0.004,-0.003,-0.003,-0.004,0,0,0,0
16:30:08,12,23.4,4,-0.15,2.06,-0.011,200,50,-0.004,-0.004,-0.004,-0.004,-0.003,-0.003,-0.004,-0.003,-0.004,-0.003,-0.004,-0.004,-0.004,-0.003,-0.003,-0.004,0,0,0,0
16:30:09,12.1,23.4,4,-0.15,2.06,-0.012,200,50,-0.004,-0.004,-0.004,-0.004,-0.003,-0.003,-0.004,-0.003,-0.004,-0.003,-0.004,-0.004,-0.004,-0.003,-0.003,-0.004,0,0,0,0
16:30:10,12,23.4,4,-0.15,2.06,-0.011,200,50,-0.004,-0.004,-0.004,-0.004,-0.003,-0.003,-0.004,-0.003,-0.004,-0.003,-0.004,-0.004,-0.004,-0.003,-0.003,-0.004,0,0,0,0
16:30:11,12.2,23.4,4,-0.15,2.06,-0.012,200,50,-0.004,-0.004,-0.004,-0.004,-0.003,-0.003,-0.004,-0.003,-0.004,-0.003,-0.004,-0.004,-0.004,-0.003,-0.003,-0.004,0,0,0,0
16:30:12,12.1,23.4,4,-0.15,2.06,-0.012,200,50,-0.004,-0.004,-0.004,-0.004,-0.003,-0.003,-0.004,-0.003,-0.004,-0.003,-0.004,-0.004,-0.004,-0.003,-0.003,-0.004,0,0,0,0
16:30:13,12.1,23.4,4,-0.15,2.06,-0.012,200,50,-0.004,-0.004,-0.004,-0.004,-0.003,-0.003,-0.004,-0.003,-0.004,-0.003,-0.004,-0.004,-0.004,-0.003,-0.003,-0.004,0,0,0,0
16:30:14,12.1,23.4,4,-0.15,2.06,-0.012,200,50,-0.004,-0.004,-0.004,-0.004,-0.003,-0.003,-0.004,-0.003,-0.004,-0.003,-0.004,-0.004,-0.004,-0.003,-0.003,-0.004,0,0,0,0
16:30:15,12.1,23.4,4,-0.15,2.06,-0.011,200,50,-0.004,-0.004,-0.004,-0.004,-0.003,-0.003,-0.004,-0.003,-0.004,-0.003,-0.004,-0.004,-0.004,-0.003,-0.003,-0.004,0,0,0,0
16:30:16,12.2,23.4,4,-0.15,2.06,-0.011,200,50,-0.004,-0.004,-0.004,-0.004,-0.003,-0.003,-0.004,-0.003,-0.004,-0.003,-0.004,-0.004,-0.004,-0.003,-0.003,-0.004,0,0,0,0
16:30:17,12,23.4,4,-0.14,2.06,-0.011,200,50,-0.004,-0.004,-0.004,-0.004,-0.003,-0.003,-0.004,-0.003,-0.004,-0.003,-0.004,-0.004,-0.004,-0.003,-0.003,-0.004,0,0,0,0
16:30:18,12.1,23.5,4,-0.14,2.06,-0.012,200,50,-0.004,-0.004,-0.004,-0.004,-0.003,-0.003,-0.004,-0.003,-0.004,-0.003,-0.004,-0.004,-0.004,-0.003,-0.003,-0.004,0,0,0,0
16:30:19,12.1,23.5,4,-0.13,2.06,-0.012,200,50,-0.004,-0.004,-0.004,-0.004,-0.003,-0.003,-0.004,-0.003,-0.004,-0.003,-0.004,-0.004,-0.004,-0.003,-0.003,-0.004,0,0,0,0
16:30:20,12.2,23.5,4,-0.13,2.06,-0.011,200,50,-0.004,-0.004,-0.004,-0.004,-0.003,-0.003,-0.004,-0.003,-0.004,-0.003,-0.004,-0.004,-0.004,-0.003,-0.003,-0.004,0,0,0,0
16:30:21,12.1,23.5,4,-0.13,2.06,-0.01,200,50,-0.004,-0.004,-0.004,-0.004,-0.003,-0.003,-0.004,-0.003,-0.004,-0.003,-0.004,-0.004,-0.004,-0.003,-0.003,-0.004,0,0,0,0
16:30:22,12.1,23.5,4,-0.13,2.05,-0.011,200,50,-0.004,-0.004,-0.004,-0.004,-0.003,-0.003,-0.004,-0.003,-0.004,-0.003,-0.004,-0.004,-0.004,-0.003,-0.003,-0.004,0,0,0,0
16:30:23,12.2,23.5,4,-0.13,2.06,-0.011,200,50,-0.004,-0.004,-0.004,-0.004,-0.003,-0.003,-0.004,-0.003,-0.004,-0.003,-0.004,-0.004,-0.004,-0.003,-0.003,-0.004,0,0,0,0
16:30:24,12.2,23.5,4,-0.13,2.06,-0.011,200,50,-0.004,-0.004,-0.004,-0.004,-0.003,-0.003,-0.004,-0.003,-0.004,-0.003,-0.004,-0.004,-0.004,-0.003,-0.003,-0.004,0,0,0,0
16:30:25,12.1,23.5,4,-0.13,2.06,-0.011,200,50,-0.004,-0.004,-0.004,-0.004,-0.003,-0.003,-0.004,-0.003,-0.004,-0.003,-0.004,-0.004,-0.004,-0.003,-0.003,-0.004,0,0,0,0
16:30:26,12.1,23.5,4.8,-0.13,2.06,-0.011,200,50,-0.004,-0.004,-0.004,-0.004,-0.003,-0.003,-0.004,-0.003,-0.004,-0.003,-0.004,-0.004,-0.004,-0.003,-0.003,-0.004,0,0,0,0
16:30:27,12.2,23.5,6,-0.13,2.11,-0.01,200,50,-0.004,-0.004,-0.004,-0.004,-0.003,-0.003,-0.004,-0.003,-0.004,-0.003,-0.004,-0.004,-0.004,-0.003,-0.003,-0.004,0,0,0,0
16:30:28,12.1,23.5,6,-0.15,2.32,-0.012,200,50,-0.004,-0.004,-0.004,-0.004,-0.003,-0.003,-0.004,-0.003,-0.004,-0.003,-0.004,-0.004,-0.004,-0.003,-0.003,-0.004,0,0,0,0
16:30:29,12.1,23.5,6,-0.18,2.64,-0.011,200,50,-0.004,-0.004,-0.004,-0.004,-0.003,-0.003,-0.004,-0.003,-0.004,-0.003,-0.004,-0.004,-0.004,-0.003,-0.003,-0.004,0,0,0,0
16:30:30,12.1,23.5,6,-0.2,2.79,-0.011,200,50,-0.004,-0.004,-0.004,-0.004,-0.003,-0.003,-0.004,-0.003,-0.004,-0.003,-0.004,-0.004,-0.004,-0.003,-0.003,-0.004,0,0,0,0
16:30:31,12.2,23.5,6,-0.21,2.83,-0.011,200,50,-0.004,-0.004,-0.004,-0.004,-0.003,-0.003,-0.004,-0.003,-0.004,-0.003,-0.004,-0.004,-0.004,-0.003,-0.003,-0.004,0,0,0,0
16:30:32,12.1,23.5,6,-0.21,2.82,-0.01,200,50,-0.004,-0.004,-0.004,-0.004,-0.003,-0.003,-0.004,-0.003,-0.004,-0.003,-0.004,-0.004,-0.004,-0.003,-0.003,-0.004,0,0,0,0
16:30:33,12.1,23.5,6,-0.21,2.83,-0.011,200,50,-0.004,-0.004,-0.004,-0.004,-0.003,-0.003,-0.004,-0.003,-0.004,-0.003,-0.004,-0.004,-0.004,-0.003,-0.003,-0.004,0,0,0,0
16:30:34,12.2,23.5,6,-0.21,2.83,-0.011,200,50,-0.004,-0.004,-0.004,-0.004,-0.003,-0.003,-0.004,-0.003,-0.004,-0.003,-0.004,-0.004,-0.004,-0.003,-0.003,-0.004,0,0,0,0
16:30:35,12,23.5,6,-0.21,2.83,-0.012,200,50,-0.004,-0.004,-0.004,-0.004,-0.003,-0.003,-0.004,-0.003,-0.004,-0.003,-0.004,-0.004,-0.004,-0.003,-0.003,-0.004,0,0,0,0
16:30:36,12.1,23.5,6,-0.21,2.83,-0.011,200,50,-0.004,-0.004,-0.004,-0.004,-0.003,-0.003,-0.004,-0.003,-0.004,-0.003,-0.004,-0.004,-0.004,-0.003,-0.003,-0.004,0,0,0,0
16:30:37,12.1,23.5,6,-0.21,2.83,-0.011,200,50,-0.004,-0.004,-0.004,-0.004,-0.003,-0.003,-0.004,-0.003,-0.004,-0.003,-0.004,-0.004,-0.004,-0.003,-0.003,-0.004,0,0,0,0
16:30:38,12,23.5,6,-0.21,2.82,-0.011,200,50,-0.004,-0.004,-0.004,-0.004,-0.003,-0.003,-0.004,-0.003,-0.004,-0.003,-0.004,-0.004,-0.004,-0.003,-0.003,-0.004,0,0,0,0
16:30:39,12.2,23.5,6,-0.21,2.81,-0.011,200,50,-0.004,-0.004,-0.004,-0.004,-0.003,-0.003,-0.004,-0.003,-0.004,-0.003,-0.004,-0.004,-0.004,-0.003,-0.003,-0.004,0,0,0,0
16:30:40,12.2,23.5,6,-0.21,2.81,-0.011,200,50,-0.004,-0.004,-0.004,-0.004,-0.003,-0.003,-0.004,-0.003,-0.004,-0.003,-0.004,-0.004,-0.004,-0.003,-0.003,-0.004,0,0,0,0
16:30:41,12.2,23.5,6,-0.21,2.8,-0.011,200,50,-0.004,-0.004,-0.004,-0.004,-0.003,-0.003,-0.004,-0.003,-0.004,-0.003,-0.004,-0.004,-0.004,-0.003,-0.003,-0.004,0,0,0,0
16:30:42,12,23.5,6,-0.21,2.81,-0.011,200,50,-0.004,-0.004,-0.004,-0.004,-0.003,-0.003,-0.004,-0.003,-0.004,-0.003,-0.004,-0.004,-0.004,-0.003,-0.003,-0.004,0,0,0,0
16:30:43,12.1,23.5,6,-0.21,2.81,-0.011,200,50,-0.004,-0.004,-0.004,-0.004,-0.003,-0.003,-0.004,-0.003,-0.004,-0.003,-0.004,-0.004,-0.004,-0.003,-0.003,-0.004,0,0,0,0
16:30:44,12.3,23.5,6,-0.21,2.8,-0.011,200,50,-0.004,-0.004,-0.004,-0.004,-0.003,-0.003,-0.004,-0.003,-0.004,-0.003,-0.004,-0.004,-0.004,-0.003,-0.003,-0.004,0,0,0,0
16:30:45,12.2,23.5,6,-0.21,2.8,-0.011,200,50,-0.004,-0.004,-0.004,-0.004,-0.003,-0.003,-0.004,-0.003,-0.004,-0.003,-0.004,-0.004,-0.004,-0.003,-0.003,-0.004,0,0,0,0
16:30:46,12.1,23.5,6,-0.21,2.81,-0.012,200,50,-0.004,-0.004,-0.004,-0.004,-0.003,-0.003,-0.004,-0.003,-0.004,-0.003,-0.004,-0.004,-0.004,-0.003,-0.003,-0.004,0,0,0,0
16:30:47,12.2,23.5,6,-0.21,2.81,-0.011,200,50,-0.004,-0.004,-0.004,-0.004,-0.003,-0.003,-0.004,-0.003,-0.004,-0.003,-0.004,-0.004,-0.004,-0.003,-0.003,-0.004,0,0,0,0
16:30:48,12.3,23.5,6,-0.21,2.82,-0.011,200,50,-0.004,-0.004,-0.004,-0.004,-0.003,-0.003,-0.004,-0.003,-0.004,-0.003,-0.004,-0.004,-0.004,-0.003,-0.003,-0.004,0,0,0,0
16:30:49,12.2,23.5,6,-0.21,2.81,-0.011,200,50,-0.004,-0.004,-0.004,-0.004,-0.003,-0.003,-0.004,-0.003,-0.004,-0.003,-0.004,-0.004,-0.004,-0.003,-0.003,-0.004,0,0,0,0
16:30:50,12.2,23.5,6,-0.21,2.81,-0.011,200,50,-0.004,-0.004,-0.004,-0.004,-0.003,-0.003,-0.004,-0.003,-0.004,-0.003,-0.004,-0.004,-0.004,-0.003,-0.003,-0.004,0,0,0,0
16:30:51,12.1,23.5,6,-0.21,2.82,-0.011,200,50,-0.004,-0.004,-0.004,-0.004,-0.003,-0.003,-0.004,-0.003,-0.004,-0.003,-0.004,-0.004,-0.004,-0.003,-0.003,-0.004,0,0,0,0
16:30:52,12.1,23.5,6,-0.2,2.81,-0.011,200,50,-0.004,-0.004,-0.004,-0.004,-0.003,-0.003,-0.004,-0.003,-0.004,-0.003,-0.004,-0.004,-0.004,-0.003,-0.003,-0.004,0,0,0,0
16:30:53,12.2,23.5,6,-0.2,2.83,-0.011,200,50,-0.004,-0.004,-0.004,-0.004,-0.003,-0.003,-0.004,-0.003,-0.004,-0.003,-0.004,-0.004,-0.004,-0.003,-0.003,-0.004,0,0,0,0
16:30:54,12.2,23.5,6,-0.19,2.83,-0.011,200,50,-0.004,-0.004,-0.004,-0.004,-0.003,-0.003,-0.004,-0.003,-0.004,-0.003,-0.004,-0.004,-0.004,-0.003,-0.003,-0.004,0,0,0,0
16:30:55,12.2,23.5,6,-0.19,2.84,-0.011,200,50,-0.004,-0.004,-0.004,-0.004,-0.003,-0.003,-0.004,-0.003,-0.004,-0.003,-0.004,-0.004,-0.004,-0.003,-0.003,-0.004,0,0,0,0
16:30:56,12,23.5,6,-0.19,2.84,-0.011,200,50,-0.004,-0.004,-0.004,-0.004,-0.003,-0.003,-0.004,-0.003,-0.004,-0.003,-0.004,-0.004,-0.004,-0.003,-0.003,-0.004,0,0,0,0
16:30:57,12.2,23.5,6,-0.19,2.84,-0.011,200,50,-0.004,-0.004,-0.004,-0.004,-0.003,-0.003,-0.004,-0.003,-0.004,-0.003,-0.004,-0.004,-0.004,-0.003,-0.003,-0.004,0,0,0,0
16:30:58,12.3,23.5,6,-0.19,2.84,-0.011,200,50,-0.004,-0.004,-0.004,-0.004,-0.003,-0.003,-0.004,-0.003,-0.004,-0.003,-0.004,-0.004,-0.004,-0.003,-0.003,-0.004,0,0,0,0
16:30:59,12.1,23.5,6,-0.19,2.84,-0.011,200,50,-0.004,-0.004,-0.004,-0.004,-0.003,-0.003,-0.004,-0.003,-0.004,-0.003,-0.004,-0.004,-0.004,-0.003,-0.003,-0.004,0,0,0,0
16:31:00,12.2,23.5,6,-0.19,2.83,-0.011,200,50,-0.004,-0.004,-0.004,-0.004,-0.003,-0.003,-0.004,-0.003,-0.004,-0.003,-0.004,-0.004,-0.004,-0.003,-0.003,-0.004,0,0,0,0
16:31:01,12.2,23.5,6,-0.19,2.83,-0.011,200,50,-0.004,-0.004,-0.004,-0.004,-0.003,-0.003,-0.004,-0.003,-0.004,-0.003,-0.004,-0.004,-0.004,-0.003,-0.003,-0.004,0,0,0,0
16:31:02,12.2,23.5,6,-0.19,2.83,-0.011,200,50,-0.004,-0.004,-0.004,-0.004,-0.003,-0.003,-0.004,-0.003,-0.004,-0.003,-0.004,-0.004,-0.004,-0.003,-0.003,-0.004,0,0,0,0
16:31:03,12.3,23.5,6,-0.19,2.84,-0.011,200,50,-0.004,-0.004,-0.004,-0.004,-0.003,-0.003,-0.004,-0.003,-0.004,-0.003,-0.004,-0.004,-0.004,-0.003,-0.003,-0.004,0,0,0,0
16:31:04,12.2,23.5,6,-0.19,2.84,-0.011,200,50,-0.004,-0.004,-0.004,-0.004,-0.003,-0.003,-0.004,-0.003,-0.004,-0.003,-0.004,-0.004,-0.004,-0.003,-0.003,-0.004,0,0,0,0
16:31:05,12.2,23.5,6,-0.19,2.84,-0.011,200,50,-0.004,-0.004,-0.004,-0.004,-0.003,-0.003,-0.004,-0.003,-0.004,-0.003,-0.004,-0.004,-0.004,-0.003,-0.003,-0.004,0,0,0,0
16:31:06,12.2,23.5,6,-0.19,2.84,-0.011,200,50,-0.004,-0.004,-0.004,-0.004,-0.003,-0.003,-0.004,-0.003,-0.004,-0.003,-0.004,-0.004,-0.004,-0.003,-0.003,-0.004,0,0,0,0
16:31:07,12.2,23.5,6,-0.19,2.83,-0.011,200,50,-0.004,-0.004,-0.004,-0.004,-0.003,-0.003,-0.004,-0.003,-0.004,-0.003,-0.004,-0.004,-0.004,-0.003,-0.003,-0.004,0,0,0,0
16:31:08,12.3,23.5,6,-0.19,2.83,-0.011,200,50,-0.004,-0.004,-0.004,-0.004,-0.003,-0.003,-0.004,-0.003,-0.004,-0.003,-0.004,-0.004,-0.004,-0.003,-0.003,-0.004,0,0,0,0
16:31:09,12.1,23.5,6,-0.19,2.81,-0.01,200,50,-0.004,-0.004,-0.004,-0.004,-0.003,-0.003,-0.004,-0.003,-0.004,-0.003,-0.004,-0.004,-0.004,-0.003,-0.003,-0.004,0,0,0,0
16:31:10,12.1,23.5,6,-0.19,2.8,-0.01,200,50,-0.004,-0.004,-0.004,-0.004,-0.003,-0.003,-0.004,-0.003,-0.004,-0.003,-0.004,-0.004,-0.004,-0.003,-0.003,-0.004,0,0,0,0
16:31:11,12.2,23.5,6,-0.19,2.8,-0.01,200,50,-0.004,-0.004,-0.004,-0.004,-0.003,-0.003,-0.004,-0.003,-0.004,-0.003,-0.004,-0.004,-0.004,-0.003,-0.003,-0.004,0,0,0,0
16:31:12,12.2,23.5,6,-0.2,2.81,-0.012,200,50,-0.004,-0.004,-0.004,-0.004,-0.003,-0.003,-0.004,-0.003,-0.004,-0.003,-0.004,-0.004,-0.004,-0.003,-0.003,-0.004,0,0,0,0
16:31:13,12.1,23.5,6,-0.2,2.81,-0.012,200,50,-0.004,-0.004,-0.004,-0.004,-0.003,-0.003,-0.004,-0.003,-0.004,-0.003,-0.004,-0.004,-0.004,-0.003,-0.003,-0.004,0,0,0,0
16:31:14,12.3,23.5,6,-0.21,2.81,-0.011,200,50,-0.004,-0.004,-0.004,-0.004,-0.003,-0.003,-0.004,-0.003,-0.004,-0.003,-0.004,-0.004,-0.004,-0.003,-0.003,-0.004,0,0,0,0
16:31:15,12.2,23.5,6,-0.21,2.81,-0.011,200,50,-0.004,-0.004,-0.004,-0.004,-0.003,-0.003,-0.004,-0.003,-0.004,-0.003,-0.004,-0.004,-0.004,-0.003,-0.003,-0.004,0,0,0,0
16:31:16,12.2,23.5,6,-0.21,2.82,-0.01,200,50,-0.004,-0.004,-0.004,-0.004,-0.003,-0.003,-0.004,-0.003,-0.004,-0.003,-0.004,-0.004,-0.004,-0.003,-0.003,-0.004,0,0,0,0
16:31:17,12.2,23.5,6,-0.21,2.81,-0.011,200,50,-0.004,-0.004,-0.004,-0.004,-0.003,-0.003,-0.004,-0.003,-0.004,-0.003,-0.004,-0.004,-0.004,-0.003,-0.003,-0.004,0,0,0,0
16:31:18,12.2,23.5,6,-0.21,2.82,-0.011,200,50,-0.004,-0.004,-0.004,-0.004,-0.003,-0.003,-0.004,-0.003,-0.004,-0.003,-0.004,-0.004,-0.004,-0.003,-0.003,-0.004,0,0,0,0
16:31:19,12,23.5,6,-0.21,2.82,-0.011,200,50,-0.004,-0.004,-0.004,-0.004,-0.003,-0.003,-0.004,-0.003,-0.004,-0.003,-0.004,-0.004,-0.004,-0.003,-0.003,-0.004,0,0,0,0
16:31:20,12.3,23.5,6,-0.21,2.81,-0.011,200,50,-0.004,-0.004,-0.004,-0.004,-0.003,-0.003,-0.004,-0.003,-0.004,-0.003,-0.004,-0.004,-0.004,-0.003,-0.003,-0.004,0,0,0,0
16:31:21,12.2,23.5,6,-0.21,2.81,-0.011,200,50,-0.004,-0.004,-0.004,-0.004,-0.003,-0.003,-0.004,-0.003,-0.004,-0.003,-0.004,-0.004,-0.004,-0.003,-0.003,-0.004,0,0,0,0
16:31:22,12.2,23.6,6,-0.21,2.81,-0.011,200,50,-0.004,-0.004,-0.004,-0.004,-0.003,-0.003,-0.004,-0.003,-0.004,-0.003,-0.004,-0.004,-0.004,-0.003,-0.003,-0.004,0,0,0,0
16:31:23,12.2,23.6,6,-0.21,2.8,-0.011,200,50,-0.004,-0.004,-0.004,-0.004,-0.003,-0.003,-0.004,-0.003,-0.004,-0.003,-0.004,-0.004,-0.004,-0.003,-0.003,-0.004,0,0,0,0
16:31:24,12.1,23.6,6,-0.21,2.81,-0.011,200,50,-0.004,-0.004,-0.004,-0.004,-0.003,-0.003,-0.004,-0.003,-0.004,-0.003,-0.004,-0.004,-0.004,-0.003,-0.003,-0.004,0,0,0,0
16:31:25,12.2,23.6,6,-0.21,2.81,-0.011,200,50,-0.004,-0.004,-0.004,-0.004,-0.003,-0.003,-0.004,-0.003,-0.004,-0.003,-0.004,-0.004,-0.004,-0.003,-0.003,-0.004,0,0,0,0
16:31:26,12.2,23.6,6,-0.21,2.82,-0.011,200,50,-0.004,-0.004,-0.004,-0.004,-0.003,-0.003,-0.004,-0.003,-0.004,-0.003,-0.004,-0.004,-0.004,-0.003,-0.003,-0.004,0,0,0,0
16:31:27,12.1,23.6,6,-0.21,2.81,-0.011,200,50,-0.004,-0.004,-0.004,-0.004,-0.003,-0.003,-0.004,-0.003,-0.004,-0.003,-0.004,-0.004,-0.004,-0.003,-0.003,-0.004,0,0,0,0
16:31:28,12.2,23.6,6,-0.21,2.81,-0.011,200,50,-0.004,-0.004,-0.004,-0.004,-0.003,-0.003,-0.004,-0.003,-0.004,-0.003,-0.004,-0.004,-0.004,-0.003,-0.003,-0.004,0,0,0,0
16:31:29,12.2,23.6,6,-0.21,2.8,-0.01,200,50,-0.004,-0.004,-0.004,-0.004,-0.003,-0.003,-0.004,-0.003,-0.004,-0.003,-0.004,-0.004,-0.004,-0.003,-0.003,-0.004,0,0,0,0
16:31:30,12.2,23.6,6,-0.21,2.79,-0.01,200,50,-0.004,-0.004,-0.004,-0.004,-0.003,-0.003,-0.004,-0.003,-0.004,-0.003,-0.004,-0.004,-0.004,-0.003,-0.003,-0.004,0,0,0,0
16:31:31,12.1,23.6,6,-0.21,2.81,-0.011,200,50,-0.004,-0.004,-0.004,-0.004,-0.003,-0.003,-0.004,-0.003,-0.004,-0.003,-0.004,-0.004,-0.004,-0.003,-0.003,-0.004,0,0,0,0
16:31:32,12.2,23.6,6,-0.21,2.81,-0.011,200,50,-0.004,-0.004,-0.004,-0.004,-0.003,-0.003,-0.004,-0.003,-0.004,-0.003,-0.004,-0.004,-0.004,-0.003,-0.003,-0.004,0,0,0,0
16:31:33,12.1,23.6,6,-0.21,2.81,-0.011,200,50,-0.004,-0.004,-0.004,-0.004,-0.003,-0.003,-0.004,-0.003,-0.004,-0.003,-0.004,-0.004,-0.004,-0.003,-0.003,-0.004,0,0,0,0
16:31:34,12.3,23.6,6,-0.21,2.82,-0.011,200,50,-0.004,-0.004,-0.004,-0.004,-0.003,-0.003,-0.004,-0.003,-0.004,-0.003,-0.004,-0.004,-0.004,-0.003,-0.003,-0.004,0,0,0,0
16:31:35,12.1,23.6,6,-0.21,2.8,-0.011,200,50,-0.004,-0.004,-0.004,-0.004,-0.003,-0.003,-0.004,-0.003,-0.004,-0.003,-0.004,-0.004,-0.004,-0.003,-0.003,-0.004,0,0,0,0
16:31:36,12.2,23.6,6,-0.21,2.8,-0.011,200,50,-0.004,-0.004,-0.004,-0.004,-0.003,-0.003,-0.004,-0.003,-0.004,-0.003,-0.004,-0.004,-0.004,-0.003,-0.003,-0.004,0,0,0,0
16:31:37,12.2,23.6,6,-0.21,2.8,-0.011,200,50,-0.004,-0.004,-0.004,-0.004,-0.003,-0.003,-0.004,-0.003,-0.004,-0.003,-0.004,-0.004,-0.004,-0.003,-0.003,-0.004,0,0,0,0
16:31:38,12.2,23.6,6,-0.21,2.8,-0.011,200,50,-0.004,-0.004,-0.004,-0.004,-0.003,-0.003,-0.004,-0.003,-0.004,-0.003,-0.004,-0.004,-0.004,-0.003,-0.003,-0.004,0,0,0,0
16:31:39,12.2,23.6,6,-0.21,2.8,-0.011,200,50,-0.004,-0.004,-0.004,-0.004,-0.003,-0.003,-0.004,-0.003,-0.004,-0.003,-0.004,-0.004,-0.004,-0.003,-0.003,-0.004,0,0,0,0
16:31:40,12.2,23.6,6,-0.21,2.8,-0.011,200,50,-0.004,-0.004,-0.004,-0.004,-0.003,-0.003,-0.004,-0.003,-0.004,-0.003,-0.004,-0.004,-0.004,-0.003,-0.003,-0.004,0,0,0,0
16:31:41,12.1,23.6,6,-0.21,2.8,-0.011,200,50,-0.004,-0.004,-0.004,-0.004,-0.003,-0.003,-0.004,-0.003,-0.004,-0.003,-0.004,-0.004,-0.004,-0.003,-0.003,-0.004,0,0,0,0
16:31:42,12.1,23.6,6,-0.21,2.8,-0.011,200,50,-0.004,-0.004,-0.004,-0.004,-0.003,-0.003,-0.004,-0.003,-0.004,-0.003,-0.004,-0.004,-0.004,-0.003,-0.003,-0.004,0,0,0,0
16:31:43,12.2,23.6,6,-0.21,2.8,-0.011,200,50,-0.004,-0.004,-0.004,-0.004,-0.003,-0.003,-0.004,-0.003,-0.004,-0.003,-0.004,-0.004,-0.004,-0.003,-0.003,-0.004,0,0,0,0
16:31:44,12,23.6,6,-0.21,2.81,-0.012,200,50,-0.004,-0.004,-0.004,-0.004,-0.003,-0.003,-0.004,-0.003,-0.004,-0.003,-0.004,-0.004,-0.004,-0.003,-0.003,-0.004,0,0,0,0
16:31:45,12.1,23.6,6,-0.21,2.81,-0.012,200,50,-0.004,-0.004,-0.004,-0.004,-0.003,-0.003,-0.004,-0.003,-0.004,-0.003,-0.004,-0.004,-0.004,-0.003,-0.003,-0.004,0,0,0,0
16:31:46,12.1,23.6,6,-0.21,2.8,-0.011,200,50,-0.004,-0.004,-0.004,-0.004,-0.003,-0.003,-0.004,-0.003,-0.004,-0.003,-0.004,-0.004,-0.004,-0.003,-0.003,-0.004,0,0,0,0
16:31:47,12.2,23.6,6,-0.21,2.8,-0.011,200,50,-0.004,-0.004,-0.004,-0.004,-0.003,-0.003,-0.004,-0.003,-0.004,-0.003,-0.004,-0.004,-0.004,-0.003,-0.003,-0.004,0,0,0,0
16:31:48,12.1,23.6,6,-0.21,2.8,-0.011,200,50,-0.004,-0.004,-0.004,-0.004,-0.003,-0.003,-0.004,-0.003,-0.004,-0.003,-0.004,-0.004,-0.004,-0.003,-0.003,-0.004,0,0,0,0
16:31:49,12.2,23.6,6,-0.21,2.8,-0.011,200,50,-0.004,-0.004,-0.004,-0.004,-0.003,-0.003,-0.004,-0.003,-0.004,-0.003,-0.004,-0.004,-0.004,-0.003,-0.003,-0.004,0,0,0,0
16:31:50,12.2,23.6,6,-0.21,2.8,-0.011,200,50,-0.004,-0.004,-0.004,-0.004,-0.003,-0.003,-0.004,-0.003,-0.004,-0.003,-0.004,-0.004,-0.004,-0.003,-0.003,-0.004,0,0,0,0
16:31:51,12.1,23.6,6,-0.21,2.81,-0.012,200,50,-0.004,-0.004,-0.004,-0.004,-0.003,-0.003,-0.004,-0.003,-0.004,-0.003,-0.004,-0.004,-0.004,-0.003,-0.003,-0.004,0,0,0,0
16:31:52,12.2,23.6,6,-0.21,2.8,-0.011,200,50,-0.004,-0.004,-0.004,-0.004,-0.003,-0.003,-0.004,-0.003,-0.004,-0.003,-0.004,-0.004,-0.004,-0.003,-0.003,-0.004,0,0,0,0
16:31:53,12.1,23.6,6,-0.21,2.8,-0.011,200,50,-0.004,-0.004,-0.004,-0.004,-0.003,-0.003,-0.004,-0.003,-0.004,-0.003,-0.004,-0.004,-0.004,-0.003,-0.003,-0.004,0,0,0,0
16:31:54,12.1,23.6,6,-0.21,2.8,-0.011,200,50,-0.004,-0.004,-0.004,-0.004,-0.003,-0.003,-0.004,-0.003,-0.004,-0.003,-0.004,-0.004,-0.004,-0.003,-0.003,-0.004,0,0,0,0
16:31:55,12.2,23.6,6,-0.21,2.8,-0.011,200,50,-0.004,-0.004,-0.004,-0.004,-0.003,-0.003,-0.004,-0.003,-0.004,-0.003,-0.004,-0.004,-0.004,-0.003,-0.003,-0.004,0,0,0,0
16:31:56,12.2,23.6,6,-0.21,2.8,-0.011,200,50,-0.004,-0.004,-0.004,-0.004,-0.003,-0.003,-0.004,-0.003,-0.004,-0.003,-0.004,-0.004,-0.004,-0.003,-0.003,-0.004,0,0,0,0
16:31:57,12.2,23.6,6,-0.21,2.8,-0.011,200,50,-0.004,-0.004,-0.004,-0.004,-0.003,-0.003,-0.004,-0.003,-0.004,-0.003,-0.004,-0.004,-0.004,-0.003,-0.003,-0.004,0,0,0,0
16:31:58,12.2,23.6,6,-0.21,2.8,-0.011,200,50,-0.004,-0.004,-0.004,-0.004,-0.003,-0.003,-0.004,-0.003,-0.004,-0.003,-0.004,-0.004,-0.004,-0.003,-0.003,-0.004,0,0,0,0
16:31:59,12.1,23.6,6,-0.21,2.8,-0.011,200,50,-0.004,-0.004,-0.004,-0.004,-0.003,-0.003,-0.004,-0.003,-0.004,-0.003,-0.004,-0.004,-0.004,-0.003,-0.003,-0.004,0,0,0,0
16:32:00,12.2,23.6,6,-0.2,2.8,-0.011,200,50,-0.004,-0.004,-0.004,-0.004,-0.003,-0.003,-0.004,-0.003,-0.004,-0.003,-0.004,-0.004,-0.004,-0.003,-0.003,-0.004,0,0,0,0
16:32:01,12.1,23.6,6,-0.2,2.8,-0.011,200,50,-0.004,-0.004,-0.004,-0.004,-0.003,-0.003,-0.004,-0.003,-0.004,-0.003,-0.004,-0.004,-0.004,-0.003,-0.003,-0.004,0,0,0,0
16:32:02,12.1,23.6,6,-0.19,2.81,-0.011,200,50,-0.004,-0.004,-0.004,-0.004,-0.003,-0.003,-0.004,-0.003,-0.004,-0.003,-0.004,-0.004,-0.004,-0.003,-0.003,-0.004,0,0,0,0
16:32:03,12.1,23.6,6,-0.19,2.83,-0.012,200,50,-0.004,-0.004,-0.004,-0.004,-0.003,-0.003,-0.004,-0.003,-0.004,-0.003,-0.004,-0.004,-0.004,-0.003,-0.003,-0.004,0,0,0,0
16:32:04,12.2,23.6,6,-0.19,2.83,-0.012,200,50,-0.004,-0.004,-0.004,-0.004,-0.003,-0.003,-0.004,-0.003,-0.004,-0.003,-0.004,-0.004,-0.004,-0.003,-0.003,-0.004,0,0,0,0
16:32:05,12.2,23.6,6,-0.19,2.82,-0.012,200,50,-0.004,-0.004,-0.004,-0.004,-0.003,-0.003,-0.004,-0.003,-0.004,-0.003,-0.004,-0.004,-0.004,-0.003,-0.003,-0.004,0,0,0,0
16:32:06,12.2,23.6,6,-0.19,2.82,-0.011,200,50,-0.004,-0.004,-0.004,-0.004,-0.003,-0.003,-0.004,-0.003,-0.004,-0.003,-0.004,-0.004,-0.004,-0.003,-0.003,-0.004,0,0,0,0
16:32:07,12.1,23.6,6,-0.19,2.82,-0.011,200,50,-0.004,-0.004,-0.004,-0.004,-0.003,-0.003,-0.004,-0.003,-0.004,-0.003,-0.004,-0.004,-0.004,-0.003,-0.003,-0.004,0,0,0,0
16:32:08,12.1,23.6,6,-0.19,2.81,-0.011,200,50,-0.004,-0.004,-0.004,-0.004,-0.003,-0.003,-0.004,-0.003,-0.004,-0.003,-0.004,-0.004,-0.004,-0.003,-0.003,-0.004,0,0,0,0
16:32:09,12.3,23.6,6,-0.19,2.81,-0.011,200,50,-0.004,-0.004,-0.004,-0.004,-0.003,-0.003,-0.004,-0.003,-0.004,-0.003,-0.004,-0.004,-0.004,-0.003,-0.003,-0.004,0,0,0,0
16:32:10,12.2,23.6,6,-0.19,2.8,-0.011,200,50,-0.004,-0.004,-0.004,-0.004,-0.003,-0.003,-0.004,-0.003,-0.004,-0.003,-0.004,-0.004,-0.004,-0.003,-0.003,-0.004,0,0,0,0
16:32:11,12.1,23.6,6,-0.19,2.8,-0.011,200,50,-0.004,-0.004,-0.004,-0.004,-0.003,-0.003,-0.004,-0.003,-0.004,-0.003,-0.004,-0.004,-0.004,-0.003,-0.003,-0.004,0,0,0,0
16:32:12,12.1,23.6,6,-0.19,2.8,-0.011,200,50,-0.004,-0.004,-0.004,-0.004,-0.003,-0.003,-0.004,-0.003,-0.004,-0.003,-0.004,-0.004,-0.004,-0.003,-0.003,-0.004,0,0,0,0
16:32:13,12.2,23.6,6,-0.19,2.8,-0.011,200,50,-0.004,-0.004,-0.004,-0.004,-0.003,-0.003,-0.004,-0.003,-0.004,-0.003,-0.004,-0.004,-0.004,-0.003,-0.003,-0.004,0,0,0,0
16:32:14,12.2,23.6,6,-0.19,2.8,-0.011,200,50,-0.004,-0.004,-0.004,-0.004,-0.003,-0.003,-0.004,-0.003,-0.004,-0.003,-0.004,-0.004,-0.004,-0.003,-0.003,-0.004,0,0,0,0
16:32:15,12.2,23.6,6,-0.19,2.81,-0.012,200,50,-0.004,-0.004,-0.004,-0.004,-0.003,-0.003,-0.004,-0.003,-0.004,-0.003,-0.004,-0.004,-0.004,-0.003,-0.003,-0.004,0,0,0,0
16:32:16,12.1,23.6,6,-0.19,2.81,-0.012,200,50,-0.004,-0.004,-0.004,-0.004,-0.003,-0.003,-0.004,-0.003,-0.004,-0.003,-0.004,-0.004,-0.004,-0.003,-0.003,-0.004,0,0,0,0
16:32:17,12.2,23.6,6,-0.19,2.81,-0.012,200,50,-0.004,-0.004,-0.004,-0.004,-0.003,-0.003,-0.004,-0.003,-0.004,-0.003,-0.004,-0.004,-0.004,-0.003,-0.003,-0.004,0,0,0,0
16:32:18,12.2,23.6,6,-0.19,2.8,-0.011,200,50,-0.004,-0.004,-0.004,-0.004,-0.003,-0.003,-0.004,-0.003,-0.004,-0.003,-0.004,-0.004,-0.004,-0.003,-0.003,-0.004,0,0,0,0
16:32:19,12.2,23.6,6,-0.19,2.81,-0.011,200,50,-0.004,-0.004,-0.004,-0.004,-0.003,-0.003,-0.004,-0.003,-0.004,-0.003,-0.004,-0.004,-0.004,-0.003,-0.003,-0.004,0,0,0,0
16:32:20,12.1,23.6,6,-0.19,2.81,-0.011,200,50,-0.004,-0.004,-0.004,-0.004,-0.003,-0.003,-0.004,-0.003,-0.004,-0.003,-0.004,-0.004,-0.004,-0.003,-0.003,-0.004,0,0,0,0
16:32:21,12.1,23.6,6,-0.19,2.81,-0.011,200,50,-0.004,-0.004,-0.004,-0.004,-0.003,-0.003,-0.004,-0.003,-0.004,-0.003,-0.004,-0.004,-0.004,-0.003,-0.003,-0.004,0,0,0,0
16:32:22,12.1,23.6,7.9,-0.19,2.81,-0.012,200,50,-0.004,-0.004,-0.004,-0.004,-0.003,-0.003,-0.004,-0.003,-0.004,-0.003,-0.004,-0.004,-0.004,-0.003,-0.003,-0.004,0,0,0,0
16:32:23,12.2,23.6,8,-0.19,2.88,-0.012,200,50,-0.004,-0.004,-0.004,-0.004,-0.003,-0.003,-0.004,-0.003,-0.004,-0.003,-0.004,-0.004,-0.004,-0.003,-0.003,-0.004,0,0,0,0
16:32:24,12.3,23.6,8,-0.2,3.04,-0.01,200,50,-0.004,-0.004,-0.004,-0.004,-0.003,-0.003,-0.004,-0.003,-0.004,-0.003,-0.004,-0.004,-0.004,-0.003,-0.003,-0.004,0,0,0,0
16:32:25,12.2,23.6,8,-0.26,3.32,-0.008,200,50,-0.004,-0.004,-0.004,-0.004,-0.003,-0.003,-0.004,-0.003,-0.004,-0.003,-0.004,-0.004,-0.004,-0.003,-0.003,-0.004,0,0,0,0
16:32:26,12.1,23.6,8,-0.32,3.51,-0.007,200,50,-0.004,-0.004,-0.004,-0.004,-0.003,-0.003,-0.004,-0.003,-0.004,-0.003,-0.004,-0.004,-0.004,-0.003,-0.003,-0.004,0,0,0,0
16:32:27,12.4,23.6,8,-0.34,3.5,-0.007,200,50,-0.004,-0.004,-0.004,-0.004,-0.003,-0.003,-0.004,-0.003,-0.004,-0.003,-0.004,-0.004,-0.004,-0.003,-0.003,-0.004,0,0,0,0
16:32:28,12.1,23.7,8,-0.35,3.51,-0.008,200,50,-0.004,-0.004,-0.004,-0.004,-0.003,-0.003,-0.004,-0.003,-0.004,-0.003,-0.004,-0.004,-0.004,-0.003,-0.003,-0.004,0,0,0,0
16:32:29,12.2,23.7,8,-0.35,3.5,-0.008,200,50,-0.004,-0.004,-0.004,-0.004,-0.003,-0.003,-0.004,-0.003,-0.004,-0.003,-0.004,-0.004,-0.004,-0.003,-0.003,-0.004,0,0,0,0
16:32:30,12.1,23.7,8,-0.35,3.51,-0.009,200,50,-0.004,-0.004,-0.004,-0.004,-0.003,-0.003,-0.004,-0.003,-0.004,-0.003,-0.004,-0.004,-0.004,-0.003,-0.003,-0.004,0,0,0,0
16:32:31,12.4,23.7,8,-0.35,3.51,-0.009,200,50,-0.004,-0.004,-0.004,-0.004,-0.003,-0.003,-0.004,-0.003,-0.004,-0.003,-0.004,-0.004,-0.004,-0.003,-0.003,-0.004,0,0,0,0
16:32:32,12.2,23.7,8,-0.35,3.5,-0.008,200,50,-0.004,-0.004,-0.004,-0.004,-0.003,-0.003,-0.004,-0.003,-0.004,-0.003,-0.004,-0.004,-0.004,-0.003,-0.003,-0.004,0,0,0,0
16:32:33,12.3,23.7,8,-0.35,3.5,-0.008,200,50,-0.004,-0.004,-0.004,-0.004,-0.003,-0.003,-0.004,-0.003,-0.004,-0.003,-0.004,-0.004,-0.004,-0.003,-0.003,-0.004,0,0,0,0
16:32:34,12.1,23.7,8,-0.35,3.49,-0.008,200,50,-0.004,-0.004,-0.004,-0.004,-0.003,-0.003,-0.004,-0.003,-0.004,-0.003,-0.004,-0.004,-0.004,-0.003,-0.003,-0.004,0,0,0,0
16:32:35,12.2,23.7,8,-0.35,3.5,-0.008,200,50,-0.004,-0.004,-0.004,-0.004,-0.003,-0.003,-0.004,-0.003,-0.004,-0.003,-0.004,-0.004,-0.004,-0.003,-0.003,-0.004,0,0,0,0
16:32:36,12.1,23.7,8,-0.35,3.49,-0.008,200,50,-0.004,-0.004,-0.004,-0.004,-0.003,-0.003,-0.004,-0.003,-0.004,-0.003,-0.004,-0.004,-0.004,-0.003,-0.003,-0.004,0,0,0,0
16:32:37,12.2,23.7,8,-0.36,3.49,-0.008,200,50,-0.004,-0.004,-0.004,-0.004,-0.003,-0.003,-0.004,-0.003,-0.004,-0.003,-0.004,-0.004,-0.004,-0.003,-0.003,-0.004,0,0,0,0
16:32:38,12.3,23.7,8,-0.36,3.49,-0.008,200,50,-0.004,-0.004,-0.004,-0.004,-0.003,-0.003,-0.004,-0.003,-0.004,-0.003,-0.004,-0.004,-0.004,-0.003,-0.003,-0.004,0,0,0,0
16:32:39,12.2,23.7,8,-0.37,3.49,-0.008,200,50,-0.004,-0.004,-0.004,-0.004,-0.003,-0.003,-0.004,-0.003,-0.004,-0.003,-0.004,-0.004,-0.004,-0.003,-0.003,-0.004,0,0,0,0
16:32:40,12.3,23.7,8,-0.37,3.49,-0.008,200,50,-0.004,-0.004,-0.004,-0.004,-0.003,-0.003,-0.004,-0.003,-0.004,-0.003,-0.004,-0.004,-0.004,-0.003,-0.003,-0.004,0,0,0,0
16:32:41,12.1,23.7,8,-0.37,3.49,-0.008,200,50,-0.004,-0.004,-0.004,-0.004,-0.003,-0.003,-0.004,-0.003,-0.004,-0.003,-0.004,-0.004,-0.004,-0.003,-0.003,-0.004,0,0,0,0
16:32:42,12.2,23.7,8,-0.36,3.49,-0.008,200,50,-0.004,-0.004,-0.004,-0.004,-0.003,-0.003,-0.004,-0.003,-0.004,-0.003,-0.004,-0.004,-0.004,-0.003,-0.003,-0.004,0,0,0,0
16:32:43,12.2,23.7,8,-0.36,3.49,-0.008,200,50,-0.004,-0.004,-0.004,-0.004,-0.003,-0.003,-0.004,-0.003,-0.004,-0.003,-0.004,-0.004,-0.004,-0.003,-0.003,-0.004,0,0,0,0
16:32:44,12.2,23.7,8,-0.36,3.49,-0.008,200,50,-0.004,-0.004,-0.004,-0.004,-0.003,-0.003,-0.004,-0.003,-0.004,-0.003,-0.004,-0.004,-0.004,-0.003,-0.003,-0.004,0,0,0,0
16:32:45,12.3,23.7,8,-0.36,3.49,-0.008,200,50,-0.004,-0.004,-0.004,-0.004,-0.003,-0.003,-0.004,-0.003,-0.004,-0.003,-0.004,-0.004,-0.004,-0.003,-0.003,-0.004,0,0,0,0
16:32:46,12.4,23.7,8,-0.36,3.49,-0.008,200,50,-0.004,-0.004,-0.004,-0.004,-0.003,-0.003,-0.004,-0.003,-0.004,-0.003,-0.004,-0.004,-0.004,-0.003,-0.003,-0.004,0,0,0,0
16:32:47,12.1,23.7,8,-0.35,3.49,-0.008,200,50,-0.004,-0.004,-0.004,-0.004,-0.003,-0.003,-0.004,-0.003,-0.004,-0.003,-0.004,-0.004,-0.004,-0.003,-0.003,-0.004,0,0,0,0
16:32:48,12.3,23.7,8,-0.35,3.49,-0.008,200,50,-0.004,-0.004,-0.004,-0.004,-0.003,-0.003,-0.004,-0.003,-0.004,-0.003,-0.004,-0.004,-0.004,-0.003,-0.003,-0.004,0,0,0,0
16:32:49,12.2,23.7,8,-0.35,3.49,-0.008,200,50,-0.004,-0.004,-0.004,-0.004,-0.003,-0.003,-0.004,-0.003,-0.004,-0.003,-0.004,-0.004,-0.004,-0.003,-0.003,-0.004,0,0,0,0
16:32:50,12.2,23.7,8,-0.35,3.49,-0.008,200,50,-0.004,-0.004,-0.004,-0.004,-0.003,-0.003,-0.004,-0.003,-0.004,-0.003,-0.004,-0.004,-0.004,-0.003,-0.003,-0.004,0,0,0,0
16:32:51,12.1,23.7,8,-0.35,3.49,-0.008,200,50,-0.004,-0.004,-0.004,-0.004,-0.003,-0.003,-0.004,-0.003,-0.004,-0.003,-0.004,-0.004,-0.004,-0.003,-0.003,-0.004,0,0,0,0
16:32:52,12.2,23.7,8,-0.35,3.49,-0.008,200,50,-0.004,-0.004,-0.004,-0.004,-0.003,-0.003,-0.004,-0.003,-0.004,-0.003,-0.004,-0.004,-0.004,-0.003,-0.003,-0.004,0,0,0,0
16:32:53,12.1,23.8,8,-0.36,3.49,-0.008,200,50,-0.004,-0.004,-0.004,-0.004,-0.003,-0.003,-0.004,-0.003,-0.004,-0.003,-0.004,-0.004,-0.004,-0.003,-0.003,-0.004,0,0,0,0
16:32:54,12.2,23.8,8,-0.36,3.49,-0.008,200,50,-0.004,-0.004,-0.004,-0.004,-0.003,-0.003,-0.004,-0.003,-0.004,-0.003,-0.004,-0.004,-0.004,-0.003,-0.003,-0.004,0,0,0,0
16:32:55,12.2,23.8,8,-0.37,3.5,-0.008,200,50,-0.004,-0.004,-0.004,-0.004,-0.003,-0.003,-0.004,-0.003,-0.004,-0.003,-0.004,-0.004,-0.004,-0.003,-0.003,-0.004,0,0,0,0
16:32:56,12.1,23.8,8,-0.36,3.5,-0.008,200,50,-0.004,-0.004,-0.004,-0.004,-0.003,-0.003,-0.004,-0.003,-0.004,-0.003,-0.004,-0.004,-0.004,-0.003,-0.003,-0.004,0,0,0,0
16:32:57,12.1,23.8,8,-0.36,3.5,-0.008,200,50,-0.004,-0.004,-0.004,-0.004,-0.003,-0.003,-0.004,-0.003,-0.004,-0.003,-0.004,-0.004,-0.004,-0.003,-0.003,-0.004,0,0,0,0
16:32:58,12.1,23.8,8,-0.36,3.5,-0.008,200,50,-0.004,-0.004,-0.004,-0.004,-0.003,-0.003,-0.004,-0.003,-0.004,-0.003,-0.004,-0.004,-0.004,-0.003,-0.003,-0.004,0,0,0,0
16:32:59,12.1,23.8,8,-0.36,3.49,-0.008,200,50,-0.004,-0.004,-0.004,-0.004,-0.003,-0.003,-0.004,-0.003,-0.004,-0.003,-0.004,-0.004,-0.004,-0.003,-0.003,-0.004,0,0,0,0
16:33:00,12.1,23.8,8,-0.36,3.49,-0.008,200,50,-0.004,-0.004,-0.004,-0.004,-0.003,-0.003,-0.004,-0.003,-0.004,-0.003,-0.004,-0.004,-0.004,-0.003,-0.003,-0.004,0,0,0,0
16:33:01,12.3,23.8,8,-0.36,3.49,-0.008,200,50,-0.004,-0.004,-0.004,-0.004,-0.003,-0.003,-0.004,-0.003,-0.004,-0.003,-0.004,-0.004,-0.004,-0.003,-0.003,-0.004,0,0,0,0
16:33:02,12.2,23.8,8,-0.35,3.49,-0.008,200,50,-0.004,-0.004,-0.004,-0.004,-0.003,-0.003,-0.004,-0.003,-0.004,-0.003,-0.004,-0.004,-0.004,-0.003,-0.003,-0.004,0,0,0,0
16:33:03,12.3,23.8,8,-0.35,3.49,-0.008,200,50,-0.004,-0.004,-0.004,-0.004,-0.003,-0.003,-0.004,-0.003,-0.004,-0.003,-0.004,-0.004,-0.004,-0.003,-0.003,-0.004,0,0,0,0
16:33:04,12.2,23.8,8,-0.35,3.48,-0.007,200,50,-0.004,-0.004,-0.004,-0.004,-0.003,-0.003,-0.004,-0.003,-0.004,-0.003,-0.004,-0.004,-0.004,-0.003,-0.003,-0.004,0,0,0,0
16:33:05,12.3,23.8,8,-0.35,3.48,-0.007,200,50,-0.004,-0.004,-0.004,-0.004,-0.003,-0.003,-0.004,-0.003,-0.004,-0.003,-0.004,-0.004,-0.004,-0.003,-0.003,-0.004,0,0,0,0
16:33:06,12.1,23.8,8,-0.35,3.48,-0.007,200,50,-0.004,-0.004,-0.004,-0.004,-0.003,-0.003,-0.004,-0.003,-0.004,-0.003,-0.004,-0.004,-0.004,-0.003,-0.003,-0.004,0,0,0,0
16:33:07,12.3,23.8,8,-0.35,3.48,-0.007,200,50,-0.004,-0.004,-0.004,-0.004,-0.003,-0.003,-0.004,-0.003,-0.004,-0.003,-0.004,-0.004,-0.004,-0.003,-0.003,-0.004,0,0,0,0
16:33:08,12.2,23.8,8,-0.35,3.48,-0.008,200,50,-0.004,-0.004,-0.004,-0.004,-0.003,-0.003,-0.004,-0.003,-0.004,-0.003,-0.004,-0.004,-0.004,-0.003,-0.003,-0.004,0,0,0,0
16:33:09,12.2,23.8,8,-0.35,3.48,-0.01,200,50,-0.004,-0.004,-0.004,-0.004,-0.003,-0.003,-0.004,-0.003,-0.004,-0.003,-0.004,-0.004,-0.004,-0.003,-0.003,-0.004,0,0,0,0
16:33:10,12.2,23.8,8,-0.35,3.48,-0.01,200,50,-0.004,-0.004,-0.004,-0.004,-0.003,-0.003,-0.004,-0.003,-0.004,-0.003,-0.004,-0.004,-0.004,-0.003,-0.003,-0.004,0,0,0,0
16:33:11,12.3,23.8,8,-0.35,3.49,-0.01,200,50,-0.004,-0.004,-0.004,-0.004,-0.003,-0.003,-0.004,-0.003,-0.004,-0.003,-0.004,-0.004,-0.004,-0.003,-0.003,-0.004,0,0,0,0
16:33:12,12.2,23.8,8,-0.35,3.5,-0.01,200,50,-0.004,-0.004,-0.004,-0.004,-0.003,-0.003,-0.004,-0.003,-0.004,-0.003,-0.004,-0.004,-0.004,-0.003,-0.003,-0.004,0,0,0,0
16:33:13,12.2,23.8,8,-0.35,3.51,-0.009,200,50,-0.004,-0.004,-0.004,-0.004,-0.003,-0.003,-0.004,-0.003,-0.004,-0.003,-0.004,-0.004,-0.004,-0.003,-0.003,-0.004,0,0,0,0
16:33:14,12,23.8,8,-0.35,3.51,-0.009,200,50,-0.004,-0.004,-0.004,-0.004,-0.003,-0.003,-0.004,-0.003,-0.004,-0.003,-0.004,-0.004,-0.004,-0.003,-0.003,-0.004,0,0,0,0
16:33:15,12.2,23.8,8,-0.35,3.51,-0.009,200,50,-0.004,-0.004,-0.004,-0.004,-0.003,-0.003,-0.004,-0.003,-0.004,-0.003,-0.004,-0.004,-0.004,-0.003,-0.003,-0.004,0,0,0,0
16:33:16,12.3,23.8,10,-0.35,3.49,-0.01,200,50,-0.004,-0.004,-0.004,-0.004,-0.003,-0.003,-0.004,-0.003,-0.004,-0.003,-0.004,-0.004,-0.004,-0.003,-0.003,-0.004,0,0,0,0
16:33:17,12.3,23.8,10,-0.34,3.59,-0.01,200,50,-0.004,-0.004,-0.004,-0.004,-0.003,-0.003,-0.004,-0.003,-0.004,-0.003,-0.004,-0.004,-0.004,-0.003,-0.003,-0.004,0,0,0,0
16:33:18,12.2,23.8,10,-0.34,3.71,-0.008,200,50,-0.004,-0.004,-0.004,-0.004,-0.003,-0.003,-0.004,-0.003,-0.004,-0.003,-0.004,-0.004,-0.004,-0.003,-0.003,-0.004,0,0,0,0
16:33:19,12.3,23.8,10,-0.35,3.93,-0.005,200,50,-0.004,-0.004,-0.004,-0.004,-0.003,-0.003,-0.004,-0.003,-0.004,-0.003,-0.004,-0.004,-0.004,-0.003,-0.003,-0.004,0,0,0,0
16:33:20,12.2,23.8,10,-0.37,4.02,-0.002,200,50,-0.004,-0.004,-0.004,-0.004,-0.003,-0.003,-0.004,-0.003,-0.004,-0.003,-0.004,-0.004,-0.004,-0.003,-0.003,-0.004,0,0,0,0
16:33:21,12.3,23.8,10,-0.38,4,-0.003,200,50,-0.004,-0.004,-0.004,-0.004,-0.003,-0.003,-0.004,-0.003,-0.004,-0.003,-0.004,-0.004,-0.004,-0.003,-0.003,-0.004,0,0,0,0
16:33:22,12.1,23.8,10,-0.39,4,-0.003,200,50,-0.004,-0.004,-0.004,-0.004,-0.003,-0.003,-0.004,-0.003,-0.004,-0.003,-0.004,-0.004,-0.004,-0.003,-0.003,-0.004,0,0,0,0
16:33:23,12.1,23.7,10,-0.39,4,-0.003,200,50,-0.004,-0.004,-0.004,-0.004,-0.003,-0.003,-0.004,-0.003,-0.004,-0.003,-0.004,-0.004,-0.004,-0.003,-0.003,-0.004,0,0,0,0
16:33:24,12.2,23.7,10,-0.39,4,-0.003,200,50,-0.004,-0.004,-0.004,-0.004,-0.003,-0.003,-0.004,-0.003,-0.004,-0.003,-0.004,-0.004,-0.004,-0.003,-0.003,-0.004,0,0,0,0
16:33:25,12.2,23.7,10,-0.39,4,-0.003,200,50,-0.004,-0.004,-0.004,-0.004,-0.003,-0.003,-0.004,-0.003,-0.004,-0.003,-0.004,-0.004,-0.004,-0.003,-0.003,-0.004,0,0,0,0
16:33:26,12.1,23.7,10,-0.39,3.99,-0.002,200,50,-0.004,-0.004,-0.004,-0.004,-0.003,-0.003,-0.004,-0.003,-0.004,-0.003,-0.004,-0.004,-0.004,-0.003,-0.003,-0.004,0,0,0,0
16:33:27,12.2,23.7,10,-0.39,3.99,-0.002,200,50,-0.004,-0.004,-0.004,-0.004,-0.003,-0.003,-0.004,-0.003,-0.004,-0.003,-0.004,-0.004,-0.004,-0.003,-0.003,-0.004,0,0,0,0
16:33:28,12.2,23.7,10,-0.39,3.99,-0.002,200,50,-0.004,-0.004,-0.004,-0.004,-0.003,-0.003,-0.004,-0.003,-0.004,-0.003,-0.004,-0.004,-0.004,-0.003,-0.003,-0.004,0,0,0,0
16:33:29,12.2,23.7,10,-0.39,3.99,-0.004,200,50,-0.004,-0.004,-0.004,-0.004,-0.003,-0.003,-0.004,-0.003,-0.004,-0.003,-0.004,-0.004,-0.004,-0.003,-0.003,-0.004,0,0,0,0
16:33:30,12.3,23.7,10,-0.39,3.98,-0.004,200,50,-0.004,-0.004,-0.004,-0.004,-0.003,-0.003,-0.004,-0.003,-0.004,-0.003,-0.004,-0.004,-0.004,-0.003,-0.003,-0.004,0,0,0,0
16:33:31,12.3,23.7,10,-0.39,3.98,-0.004,200,50,-0.004,-0.004,-0.004,-0.004,-0.003,-0.003,-0.004,-0.003,-0.004,-0.003,-0.004,-0.004,-0.004,-0.003,-0.003,-0.004,0,0,0,0
16:33:32,12.3,23.7,10,-0.39,3.97,-0.004,200,50,-0.004,-0.004,-0.004,-0.004,-0.003,-0.003,-0.004,-0.003,-0.004,-0.003,-0.004,-0.004,-0.004,-0.003,-0.003,-0.004,0,0,0,0
16:33:33,12.2,23.7,10,-0.39,3.96,-0.003,200,50,-0.004,-0.004,-0.004,-0.004,-0.003,-0.003,-0.004,-0.003,-0.004,-0.003,-0.004,-0.004,-0.004,-0.003,-0.003,-0.004,0,0,0,0
16:33:34,12.2,23.7,10,-0.39,3.97,-0.004,200,50,-0.004,-0.004,-0.004,-0.004,-0.003,-0.003,-0.004,-0.003,-0.004,-0.003,-0.004,-0.004,-0.004,-0.003,-0.003,-0.004,0,0,0,0
16:33:35,12.2,23.7,10,-0.39,3.98,-0.004,200,50,-0.004,-0.004,-0.004,-0.004,-0.003,-0.003,-0.004,-0.003,-0.004,-0.003,-0.004,-0.004,-0.004,-0.003,-0.003,-0.004,0,0,0,0
16:33:36,12.2,23.7,10,-0.39,4,-0.004,200,50,-0.004,-0.004,-0.004,-0.004,-0.003,-0.003,-0.004,-0.003,-0.004,-0.003,-0.004,-0.004,-0.004,-0.003,-0.003,-0.004,0,0,0,0
16:33:37,12.2,23.7,10,-0.39,4,-0.004,200,50,-0.004,-0.004,-0.004,-0.004,-0.003,-0.003,-0.004,-0.003,-0.004,-0.003,-0.004,-0.004,-0.004,-0.003,-0.003,-0.004,0,0,0,0
16:33:38,12.2,23.7,10,-0.39,3.97,-0.004,200,50,-0.004,-0.004,-0.004,-0.004,-0.003,-0.003,-0.004,-0.003,-0.004,-0.003,-0.004,-0.004,-0.004,-0.003,-0.003,-0.004,0,0,0,0
16:33:39,12.2,23.7,10,-0.39,3.97,-0.004,200,50,-0.004,-0.004,-0.004,-0.004,-0.003,-0.003,-0.004,-0.003,-0.004,-0.003,-0.004,-0.004,-0.004,-0.003,-0.003,-0.004,0,0,0,0
16:33:40,12.2,23.7,10,-0.4,3.96,-0.003,200,50,-0.004,-0.004,-0.004,-0.004,-0.003,-0.003,-0.004,-0.003,-0.004,-0.003,-0.004,-0.004,-0.004,-0.003,-0.003,-0.004,0,0,0,0
16:33:41,12,23.7,10,-0.41,3.96,-0.003,200,50,-0.004,-0.004,-0.004,-0.004,-0.003,-0.003,-0.004,-0.003,-0.004,-0.003,-0.004,-0.004,-0.004,-0.003,-0.003,-0.004,0,0,0,0
16:33:42,12.2,23.7,10,-0.41,3.96,-0.003,200,50,-0.004,-0.004,-0.004,-0.004,-0.003,-0.003,-0.004,-0.003,-0.004,-0.003,-0.004,-0.004,-0.004,-0.003,-0.003,-0.004,0,0,0,0
16:33:43,12.3,23.7,10,-0.41,3.97,-0.004,200,50,-0.004,-0.004,-0.004,-0.004,-0.003,-0.003,-0.004,-0.003,-0.004,-0.003,-0.004,-0.004,-0.004,-0.003,-0.003,-0.004,0,0,0,0
16:33:44,12,23.7,10,-0.41,3.96,-0.003,200,50,-0.004,-0.004,-0.004,-0.004,-0.003,-0.003,-0.004,-0.003,-0.004,-0.003,-0.004,-0.004,-0.004,-0.003,-0.003,-0.004,0,0,0,0
16:33:45,12.2,23.7,10,-0.41,3.96,-0.003,200,50,-0.004,-0.004,-0.004,-0.004,-0.003,-0.003,-0.004,-0.003,-0.004,-0.003,-0.004,-0.004,-0.004,-0.003,-0.003,-0.004,0,0,0,0
16:33:46,12.2,23.7,10,-0.41,3.97,-0.004,200,50,-0.004,-0.004,-0.004,-0.004,-0.003,-0.003,-0.004,-0.003,-0.004,-0.003,-0.004,-0.004,-0.004,-0.003,-0.003,-0.004,0,0,0,0
16:33:47,12.2,23.7,10,-0.4,3.97,-0.004,200,50,-0.004,-0.004,-0.004,-0.004,-0.003,-0.003,-0.004,-0.003,-0.004,-0.003,-0.004,-0.004,-0.004,-0.003,-0.003,-0.004,0,0,0,0
16:33:48,12.2,23.7,10,-0.39,3.98,-0.004,200,50,-0.004,-0.004,-0.004,-0.004,-0.003,-0.003,-0.004,-0.003,-0.004,-0.003,-0.004,-0.004,-0.004,-0.003,-0.003,-0.004,0,0,0,0
16:33:49,12.3,23.7,10,-0.39,3.98,-0.004,200,50,-0.004,-0.004,-0.004,-0.004,-0.003,-0.003,-0.004,-0.003,-0.004,-0.003,-0.004,-0.004,-0.004,-0.003,-0.003,-0.004,0,0,0,0
16:33:50,12.2,23.7,10,-0.39,3.98,-0.004,200,50,-0.004,-0.004,-0.004,-0.004,-0.003,-0.003,-0.004,-0.003,-0.004,-0.003,-0.004,-0.004,-0.004,-0.003,-0.003,-0.004,0,0,0,0
16:33:51,12.1,23.7,10,-0.4,3.98,-0.004,200,50,-0.004,-0.004,-0.004,-0.004,-0.003,-0.003,-0.004,-0.003,-0.004,-0.003,-0.004,-0.004,-0.004,-0.003,-0.003,-0.004,0,0,0,0
16:33:52,12.3,23.7,10,-0.4,3.98,-0.004,200,50,-0.004,-0.004,-0.004,-0.004,-0.003,-0.003,-0.004,-0.003,-0.004,-0.003,-0.004,-0.004,-0.004,-0.003,-0.003,-0.004,0,0,0,0
16:33:53,12.1,23.7,10,-0.41,3.98,-0.004,200,50,-0.004,-0.004,-0.004,-0.004,-0.003,-0.003,-0.004,-0.003,-0.004,-0.003,-0.004,-0.004,-0.004,-0.003,-0.003,-0.004,0,0,0,0
16:33:54,12.2,23.7,10,-0.41,3.97,-0.005,200,50,-0.004,-0.004,-0.004,-0.004,-0.003,-0.003,-0.004,-0.003,-0.004,-0.003,-0.004,-0.004,-0.004,-0.003,-0.003,-0.004,0,0,0,0
16:33:55,12.2,23.7,10,-0.41,3.98,-0.004,200,50,-0.004,-0.004,-0.004,-0.004,-0.003,-0.003,-0.004,-0.003,-0.004,-0.003,-0.004,-0.004,-0.004,-0.003,-0.003,-0.004,0,0,0,0
16:33:56,12.2,23.7,10,-0.41,3.97,-0.004,200,50,-0.004,-0.004,-0.004,-0.004,-0.003,-0.003,-0.004,-0.003,-0.004,-0.003,-0.004,-0.004,-0.004,-0.003,-0.003,-0.004,0,0,0,0
16:33:57,12.3,23.7,10,-0.41,3.97,-0.005,200,50,-0.004,-0.004,-0.004,-0.004,-0.003,-0.003,-0.004,-0.003,-0.004,-0.003,-0.004,-0.004,-0.004,-0.003,-0.003,-0.004,0,0,0,0
16:33:58,12.3,23.7,10,-0.41,3.97,-0.004,200,50,-0.004,-0.004,-0.004,-0.004,-0.003,-0.003,-0.004,-0.003,-0.004,-0.003,-0.004,-0.004,-0.004,-0.003,-0.003,-0.004,0,0,0,0
16:33:59,12.2,23.7,10,-0.41,3.98,-0.004,200,50,-0.004,-0.004,-0.004,-0.004,-0.003,-0.003,-0.004,-0.003,-0.004,-0.003,-0.004,-0.004,-0.004,-0.003,-0.003,-0.004,0,0,0,0
16:34:00,12.2,23.7,10,-0.41,3.98,-0.004,200,50,-0.004,-0.004,-0.004,-0.004,-0.003,-0.003,-0.004,-0.003,-0.004,-0.003,-0.004,-0.004,-0.004,-0.003,-0.003,-0.004,0,0,0,0
16:34:01,12.2,23.7,10,-0.41,3.97,-0.004,200,50,-0.004,-0.004,-0.004,-0.004,-0.003,-0.003,-0.004,-0.003,-0.004,-0.003,-0.004,-0.004,-0.004,-0.003,-0.003,-0.004,0,0,0,0
16:34:02,12.2,23.7,10,-0.41,3.97,-0.004,200,50,-0.004,-0.004,-0.004,-0.004,-0.003,-0.003,-0.004,-0.003,-0.004,-0.003,-0.004,-0.004,-0.004,-0.003,-0.003,-0.004,0,0,0,0
16:34:03,12.2,23.7,10,-0.41,3.96,-0.003,200,50,-0.004,-0.004,-0.004,-0.004,-0.003,-0.003,-0.004,-0.003,-0.004,-0.003,-0.004,-0.004,-0.004,-0.003,-0.003,-0.004,0,0,0,0
16:34:04,12,23.7,10,-0.41,3.98,-0.004,200,50,-0.004,-0.004,-0.004,-0.004,-0.003,-0.003,-0.004,-0.003,-0.004,-0.003,-0.004,-0.004,-0.004,-0.003,-0.003,-0.004,0,0,0,0
16:34:05,12.1,23.7,10,-0.41,3.97,-0.004,200,50,-0.004,-0.004,-0.004,-0.004,-0.003,-0.003,-0.004,-0.003,-0.004,-0.003,-0.004,-0.004,-0.004,-0.003,-0.003,-0.004,0,0,0,0
16:34:06,12.2,23.7,10,-0.41,3.97,-0.004,200,50,-0.004,-0.004,-0.004,-0.004,-0.003,-0.003,-0.004,-0.003,-0.004,-0.003,-0.004,-0.004,-0.004,-0.003,-0.003,-0.004,0,0,0,0
16:34:07,12.2,23.7,10,-0.41,3.97,-0.004,200,50,-0.004,-0.004,-0.004,-0.004,-0.003,-0.003,-0.004,-0.003,-0.004,-0.003,-0.004,-0.004,-0.004,-0.003,-0.003,-0.004,0,0,0,0
16:34:08,12.1,23.7,10,-0.41,3.96,-0.003,200,50,-0.004,-0.004,-0.004,-0.004,-0.003,-0.003,-0.004,-0.003,-0.004,-0.003,-0.004,-0.004,-0.004,-0.003,-0.003,-0.004,0,0,0,0
16:34:09,12.2,23.7,10,-0.41,3.96,-0.003,200,50,-0.004,-0.004,-0.004,-0.004,-0.003,-0.003,-0.004,-0.003,-0.004,-0.003,-0.004,-0.004,-0.004,-0.003,-0.003,-0.004,0,0,0,0
16:34:10,12.3,23.7,10,-0.41,3.96,-0.003,200,50,-0.004,-0.004,-0.004,-0.004,-0.003,-0.003,-0.004,-0.003,-0.004,-0.003,-0.004,-0.004,-0.004,-0.003,-0.003,-0.004,0,0,0,0
16:34:11,12.1,23.7,10,-0.41,3.95,-0.004,200,50,-0.004,-0.004,-0.004,-0.004,-0.003,-0.003,-0.004,-0.003,-0.004,-0.003,-0.004,-0.004,-0.004,-0.003,-0.003,-0.004,0,0,0,0
16:34:12,12.3,23.7,10,-0.41,3.95,-0.004,200,50,-0.004,-0.004,-0.004,-0.004,-0.003,-0.003,-0.004,-0.003,-0.004,-0.003,-0.004,-0.004,-0.004,-0.003,-0.003,-0.004,0,0,0,0
16:34:13,12.2,23.7,10,-0.41,3.96,-0.004,200,50,-0.004,-0.004,-0.004,-0.004,-0.003,-0.003,-0.004,-0.003,-0.004,-0.003,-0.004,-0.004,-0.004,-0.003,-0.003,-0.004,0,0,0,0
16:34:14,12.1,23.7,10,-0.41,3.96,-0.004,200,50,-0.004,-0.004,-0.004,-0.004,-0.003,-0.003,-0.004,-0.003,-0.004,-0.003,-0.004,-0.004,-0.004,-0.003,-0.003,-0.004,0,0,0,0
16:34:15,12.2,23.8,10,-0.41,3.96,-0.004,200,50,-0.004,-0.004,-0.004,-0.004,-0.003,-0.003,-0.004,-0.003,-0.004,-0.003,-0.004,-0.004,-0.004,-0.003,-0.003,-0.004,0,0,0,0
16:34:16,12.2,23.8,10,-0.41,3.96,-0.004,200,50,-0.004,-0.004,-0.004,-0.004,-0.003,-0.003,-0.004,-0.003,-0.004,-0.003,-0.004,-0.004,-0.004,-0.003,-0.003,-0.004,0,0,0,0
16:34:17,12.2,23.8,10,-0.41,3.96,-0.003,200,50,-0.004,-0.004,-0.004,-0.004,-0.003,-0.003,-0.004,-0.003,-0.004,-0.003,-0.004,-0.004,-0.004,-0.003,-0.003,-0.004,0,0,0,0
16:34:18,12.3,23.8,10,-0.41,3.96,-0.003,200,50,-0.004,-0.004,-0.004,-0.004,-0.003,-0.003,-0.004,-0.003,-0.004,-0.003,-0.004,-0.004,-0.004,-0.003,-0.003,-0.004,0,0,0,0
16:34:19,12.2,23.8,10,-0.41,3.95,-0.004,200,50,-0.004,-0.004,-0.004,-0.004,-0.003,-0.003,-0.004,-0.003,-0.004,-0.003,-0.004,-0.004,-0.004,-0.003,-0.003,-0.004,0,0,0,0
16:34:20,12.3,23.8,10,-0.41,3.95,-0.005,200,50,-0.004,-0.004,-0.004,-0.004,-0.003,-0.003,-0.004,-0.003,-0.004,-0.003,-0.004,-0.004,-0.004,-0.003,-0.003,-0.004,0,0,0,0
16:34:21,12.2,23.8,10,-0.41,3.96,-0.005,200,50,-0.004,-0.004,-0.004,-0.004,-0.003,-0.003,-0.004,-0.003,-0.004,-0.003,-0.004,-0.004,-0.004,-0.003,-0.003,-0.004,0,0,0,0
16:34:22,12.1,23.8,10,-0.41,3.97,-0.005,200,50,-0.004,-0.004,-0.004,-0.004,-0.003,-0.003,-0.004,-0.003,-0.004,-0.003,-0.004,-0.004,-0.004,-0.003,-0.003,-0.004,0,0,0,0
16:34:23,12.2,23.8,10,-0.41,3.97,-0.005,200,50,-0.004,-0.004,-0.004,-0.004,-0.003,-0.003,-0.004,-0.003,-0.004,-0.003,-0.004,-0.004,-0.004,-0.003,-0.003,-0.004,0,0,0,0
16:34:24,12.2,23.8,10,-0.41,3.98,-0.004,200,50,-0.004,-0.004,-0.004,-0.004,-0.003,-0.003,-0.004,-0.003,-0.004,-0.003,-0.004,-0.004,-0.004,-0.003,-0.003,-0.004,0,0,0,0
16:34:25,12,23.8,10,-0.41,3.97,-0.004,200,50,-0.004,-0.004,-0.004,-0.004,-0.003,-0.003,-0.004,-0.003,-0.004,-0.003,-0.004,-0.004,-0.004,-0.003,-0.003,-0.004,0,0,0,0
16:34:26,12.2,23.8,10,-0.41,3.96,-0.003,200,50,-0.004,-0.004,-0.004,-0.004,-0.003,-0.003,-0.004,-0.003,-0.004,-0.003,-0.004,-0.004,-0.004,-0.003,-0.003,-0.004,0,0,0,0
16:34:27,12.2,23.8,10,-0.41,3.96,-0.003,200,50,-0.004,-0.004,-0.004,-0.004,-0.003,-0.003,-0.004,-0.003,-0.004,-0.003,-0.004,-0.004,-0.004,-0.003,-0.003,-0.004,0,0,0,0
16:34:28,12.2,23.8,10,-0.41,3.96,-0.003,200,50,-0.004,-0.004,-0.004,-0.004,-0.003,-0.003,-0.004,-0.003,-0.004,-0.003,-0.004,-0.004,-0.004,-0.003,-0.003,-0.004,0,0,0,0
16:34:29,12.1,23.8,10,-0.41,3.96,-0.003,200,50,-0.004,-0.004,-0.004,-0.004,-0.003,-0.003,-0.004,-0.003,-0.004,-0.003,-0.004,-0.004,-0.004,-0.003,-0.003,-0.004,0,0,0,0
16:34:30,12.2,23.8,10,-0.41,3.96,-0.003,200,50,-0.004,-0.004,-0.004,-0.004,-0.003,-0.003,-0.004,-0.003,-0.004,-0.003,-0.004,-0.004,-0.004,-0.003,-0.003,-0.004,0,0,0,0
16:34:31,12.3,23.8,10,-0.41,3.96,-0.003,200,50,-0.004,-0.004,-0.004,-0.004,-0.003,-0.003,-0.004,-0.003,-0.004,-0.003,-0.004,-0.004,-0.004,-0.003,-0.003,-0.004,0,0,0,0
16:34:32,12.2,23.8,10,-0.41,3.96,-0.003,200,50,-0.004,-0.004,-0.004,-0.004,-0.003,-0.003,-0.004,-0.003,-0.004,-0.003,-0.004,-0.004,-0.004,-0.003,-0.003,-0.004,0,0,0,0
16:34:33,12.2,23.8,10,-0.41,3.97,-0.004,200,50,-0.004,-0.004,-0.004,-0.004,-0.003,-0.003,-0.004,-0.003,-0.004,-0.003,-0.004,-0.004,-0.004,-0.003,-0.003,-0.004,0,0,0,0
16:34:34,12.2,23.8,10,-0.41,3.98,-0.004,200,50,-0.004,-0.004,-0.004,-0.004,-0.003,-0.003,-0.004,-0.003,-0.004,-0.003,-0.004,-0.004,-0.004,-0.003,-0.003,-0.004,0,0,0,0
16:34:35,12.3,23.8,10,-0.41,3.98,-0.004,200,50,-0.004,-0.004,-0.004,-0.004,-0.003,-0.003,-0.004,-0.003,-0.004,-0.003,-0.004,-0.004,-0.004,-0.003,-0.003,-0.004,0,0,0,0
16:34:36,12.3,23.8,10,-0.41,3.98,-0.004,200,50,-0.004,-0.004,-0.004,-0.004,-0.003,-0.003,-0.004,-0.003,-0.004,-0.003,-0.004,-0.004,-0.004,-0.003,-0.003,-0.004,0,0,0,0
16:34:37,12.2,23.8,10,-0.41,3.97,-0.004,200,50,-0.004,-0.004,-0.004,-0.004,-0.003,-0.003,-0.004,-0.003,-0.004,-0.003,-0.004,-0.004,-0.004,-0.003,-0.003,-0.004,0,0,0,0
16:34:38,12.3,23.8,10,-0.41,3.97,-0.004,200,50,-0.004,-0.004,-0.004,-0.004,-0.003,-0.003,-0.004,-0.003,-0.004,-0.003,-0.004,-0.004,-0.004,-0.003,-0.003,-0.004,0,0,0,0
16:34:39,12.2,23.8,10,-0.41,3.98,-0.004,200,50,-0.004,-0.004,-0.004,-0.004,-0.003,-0.003,-0.004,-0.003,-0.004,-0.003,-0.004,-0.004,-0.004,-0.003,-0.003,-0.004,0,0,0,0
16:34:40,12.3,23.8,10,-0.41,3.98,-0.004,200,50,-0.004,-0.004,-0.004,-0.004,-0.003,-0.003,-0.004,-0.003,-0.004,-0.003,-0.004,-0.004,-0.004,-0.003,-0.003,-0.004,0,0,0,0
16:34:41,12.2,23.8,10,-0.41,3.98,-0.004,200,50,-0.004,-0.004,-0.004,-0.004,-0.003,-0.003,-0.004,-0.003,-0.004,-0.003,-0.004,-0.004,-0.004,-0.003,-0.003,-0.004,0,0,0,0
16:34:42,12.2,23.8,10,-0.41,3.98,-0.004,200,50,-0.004,-0.004,-0.004,-0.004,-0.003,-0.003,-0.004,-0.003,-0.004,-0.003,-0.004,-0.004,-0.004,-0.003,-0.003,-0.004,0,0,0,0
16:34:43,12.3,23.8,10,-0.41,3.97,-0.004,200,50,-0.004,-0.004,-0.004,-0.004,-0.003,-0.003,-0.004,-0.003,-0.004,-0.003,-0.004,-0.004,-0.004,-0.003,-0.003,-0.004,0,0,0,0
16:34:44,12.2,23.8,10,-0.41,3.97,-0.004,200,50,-0.004,-0.004,-0.004,-0.004,-0.003,-0.003,-0.004,-0.003,-0.004,-0.003,-0.004,-0.004,-0.004,-0.003,-0.003,-0.004,0,0,0,0
16:34:45,12.2,23.8,10,-0.41,3.97,-0.004,200,50,-0.004,-0.004,-0.004,-0.004,-0.003,-0.003,-0.004,-0.003,-0.004,-0.003,-0.004,-0.004,-0.004,-0.003,-0.003,-0.004,0,0,0,0
16:34:46,12.2,23.8,10,-0.41,3.98,-0.004,200,50,-0.004,-0.004,-0.004,-0.004,-0.003,-0.003,-0.004,-0.003,-0.004,-0.003,-0.004,-0.004,-0.004,-0.003,-0.003,-0.004,0,0,0,0
16:34:47,12.2,23.8,10,-0.41,3.98,-0.004,200,50,-0.004,-0.004,-0.004,-0.004,-0.003,-0.003,-0.004,-0.003,-0.004,-0.003,-0.004,-0.004,-0.004,-0.003,-0.003,-0.004,0,0,0,0
16:34:48,12.2,23.8,10,-0.41,3.98,-0.004,200,50,-0.004,-0.004,-0.004,-0.004,-0.003,-0.003,-0.004,-0.003,-0.004,-0.003,-0.004,-0.004,-0.004,-0.003,-0.003,-0.004,0,0,0,0
16:34:49,12.2,23.8,10,-0.41,3.98,-0.004,200,50,-0.004,-0.004,-0.004,-0.004,-0.003,-0.003,-0.004,-0.003,-0.004,-0.003,-0.004,-0.004,-0.004,-0.003,-0.003,-0.004,0,0,0,0
16:34:50,12.1,23.8,10,-0.41,3.97,-0.004,200,50,-0.004,-0.004,-0.004,-0.004,-0.003,-0.003,-0.004,-0.003,-0.004,-0.003,-0.004,-0.004,-0.004,-0.003,-0.003,-0.004,0,0,0,0
16:34:51,12.1,23.8,10,-0.41,3.97,-0.004,200,50,-0.004,-0.004,-0.004,-0.004,-0.003,-0.003,-0.004,-0.003,-0.004,-0.003,-0.004,-0.004,-0.004,-0.003,-0.003,-0.004,0,0,0,0
16:34:52,12.1,23.8,10,-0.41,3.98,-0.004,200,50,-0.004,-0.004,-0.004,-0.004,-0.003,-0.003,-0.004,-0.003,-0.004,-0.003,-0.004,-0.004,-0.004,-0.003,-0.003,-0.004,0,0,0,0
16:34:53,12.2,23.8,10,-0.41,3.97,-0.004,200,50,-0.004,-0.004,-0.004,-0.004,-0.003,-0.003,-0.004,-0.003,-0.004,-0.003,-0.004,-0.004,-0.004,-0.003,-0.003,-0.004,0,0,0,0
16:34:54,12.2,23.8,10.8,-0.41,3.97,-0.004,200,50,-0.004,-0.004,-0.004,-0.004,-0.003,-0.003,-0.004,-0.003,-0.004,-0.003,-0.004,-0.004,-0.004,-0.003,-0.003,-0.004,0,0,0,0
16:34:55,11.9,23.8,12,-0.41,4.08,-0.008,200,50,-0.004,-0.004,-0.004,-0.004,-0.003,-0.003,-0.004,-0.003,-0.004,-0.003,-0.004,-0.004,-0.004,-0.003,-0.003,-0.004,0,0,0,0
16:34:56,11.8,23.8,12,-0.67,4.16,-0.031,200,50,-0.004,-0.004,-0.004,-0.004,-0.003,-0.003,-0.004,-0.003,-0.004,-0.003,-0.004,-0.004,-0.004,-0.003,-0.003,-0.004,0,0,0,0
16:34:57,12,23.8,12,-0.88,4.18,-0.046,200,50,-0.004,-0.004,-0.004,-0.004,-0.003,-0.003,-0.004,-0.003,-0.004,-0.003,-0.004,-0.004,-0.004,-0.003,-0.003,-0.004,0,0,0,0
16:34:58,11.8,23.8,12,-1.03,4.03,-0.053,200,50,-0.004,-0.004,-0.004,-0.004,-0.003,-0.003,-0.004,-0.003,-0.004,-0.003,-0.004,-0.004,-0.004,-0.003,-0.003,-0.004,0,0,0,0
16:34:59,11.9,23.7,12,-1.03,3.93,-0.046,200,50,-0.004,-0.004,-0.004,-0.004,-0.003,-0.003,-0.004,-0.003,-0.004,-0.003,-0.004,-0.004,-0.004,-0.003,-0.003,-0.004,0,0,0,0
16:35:00,11.8,23.7,12,-1.03,3.93,-0.042,200,50,-0.004,-0.004,-0.004,-0.004,-0.003,-0.003,-0.004,-0.003,-0.004,-0.003,-0.004,-0.004,-0.004,-0.003,-0.003,-0.004,0,0,0,0
16:35:01,11.8,23.7,12,-1.03,3.93,-0.041,200,50,-0.004,-0.004,-0.004,-0.004,-0.003,-0.003,-0.004,-0.003,-0.004,-0.003,-0.004,-0.004,-0.004,-0.003,-0.003,-0.004,0,0,0,0
16:35:02,11.8,23.7,12,-1.03,3.89,-0.046,200,50,-0.004,-0.004,-0.004,-0.004,-0.003,-0.003,-0.004,-0.003,-0.004,-0.003,-0.004,-0.004,-0.004,-0.003,-0.003,-0.004,0,0,0,0
16:35:03,11.9,23.7,12,-1.01,3.85,-0.046,200,50,-0.004,-0.004,-0.004,-0.004,-0.003,-0.003,-0.004,-0.003,-0.004,-0.003,-0.004,-0.004,-0.004,-0.003,-0.003,-0.004,0,0,0,0
16:35:04,11.7,23.8,12,-1.01,3.81,-0.048,200,50,-0.004,-0.004,-0.004,-0.004,-0.003,-0.003,-0.004,-0.003,-0.004,-0.003,-0.004,-0.004,-0.004,-0.003,-0.003,-0.004,0,0,0,0
16:35:05,11.8,23.8,12,-1.01,3.85,-0.047,200,50,-0.004,-0.004,-0.004,-0.004,-0.003,-0.003,-0.004,-0.003,-0.004,-0.003,-0.004,-0.004,-0.004,-0.003,-0.003,-0.004,0,0,0,0
16:35:06,11.9,23.8,12,-1.03,3.92,-0.049,200,50,-0.004,-0.004,-0.004,-0.004,-0.003,-0.003,-0.004,-0.003,-0.004,-0.003,-0.004,-0.004,-0.004,-0.003,-0.003,-0.004,0,0,0,0
16:35:07,11.9,23.8,12,-1.04,3.96,-0.052,200,50,-0.004,-0.004,-0.004,-0.004,-0.003,-0.003,-0.004,-0.003,-0.004,-0.003,-0.004,-0.004,-0.004,-0.003,-0.003,-0.004,0,0,0,0
16:35:08,11.8,23.8,12,-1.04,3.96,-0.052,200,50,-0.004,-0.004,-0.004,-0.004,-0.003,-0.003,-0.004,-0.003,-0.004,-0.003,-0.004,-0.004,-0.004,-0.003,-0.003,-0.004,0,0,0,0
16:35:09,11.8,23.8,12,-1.03,3.96,-0.054,200,50,-0.004,-0.004,-0.004,-0.004,-0.003,-0.003,-0.004,-0.003,-0.004,-0.003,-0.004,-0.004,-0.004,-0.003,-0.003,-0.004,0,0,0,0
16:35:10,11.8,23.8,12,-1.02,3.98,-0.051,200,50,-0.004,-0.004,-0.004,-0.004,-0.003,-0.003,-0.004,-0.003,-0.004,-0.003,-0.004,-0.004,-0.004,-0.003,-0.003,-0.004,0,0,0,0
16:35:11,11.9,23.8,12,-1.01,3.92,-0.05,200,50,-0.004,-0.004,-0.004,-0.004,-0.003,-0.003,-0.004,-0.003,-0.004,-0.003,-0.004,-0.004,-0.004,-0.003,-0.003,-0.004,0,0,0,0
16:35:12,11.8,23.8,12,-1.03,3.86,-0.055,200,50,-0.004,-0.004,-0.004,-0.004,-0.003,-0.003,-0.004,-0.003,-0.004,-0.003,-0.004,-0.004,-0.004,-0.003,-0.003,-0.004,0,0,0,0
16:35:13,11.8,23.8,12,-1.03,3.72,-0.056,200,50,-0.004,-0.004,-0.004,-0.004,-0.003,-0.003,-0.004,-0.003,-0.004,-0.003,-0.004,-0.004,-0.004,-0.003,-0.003,-0.004,0,0,0,0
16:35:14,11.8,23.8,12,-1.03,3.77,-0.055,200,50,-0.004,-0.004,-0.004,-0.004,-0.003,-0.003,-0.004,-0.003,-0.004,-0.003,-0.004,-0.004,-0.004,-0.003,-0.003,-0.004,0,0,0,0
16:35:15,11.7,23.8,12,-1.02,3.82,-0.052,200,50,-0.004,-0.004,-0.004,-0.004,-0.003,-0.003,-0.004,-0.003,-0.004,-0.003,-0.004,-0.004,-0.004,-0.003,-0.003,-0.004,0,0,0,0
16:35:16,11.8,23.8,12,-1.01,3.93,-0.05,200,50,-0.004,-0.004,-0.004,-0.004,-0.003,-0.003,-0.004,-0.003,-0.004,-0.003,-0.004,-0.004,-0.004,-0.003,-0.003,-0.004,0,0,0,0
16:35:17,12,23.8,12,-1.02,3.91,-0.048,200,50,-0.004,-0.004,-0.004,-0.004,-0.003,-0.003,-0.004,-0.003,-0.004,-0.003,-0.004,-0.004,-0.004,-0.003,-0.003,-0.004,0,0,0,0
16:35:18,11.9,23.8,12,-1.02,3.88,-0.051,200,50,-0.004,-0.004,-0.004,-0.004,-0.003,-0.003,-0.004,-0.003,-0.004,-0.003,-0.004,-0.004,-0.004,-0.003,-0.003,-0.004,0,0,0,0
16:35:19,11.8,23.8,12,-1.03,3.96,-0.052,200,50,-0.004,-0.004,-0.004,-0.004,-0.003,-0.003,-0.004,-0.003,-0.004,-0.003,-0.004,-0.004,-0.004,-0.003,-0.003,-0.004,0,0,0,0
16:35:20,11.9,23.8,12,-1.01,3.99,-0.053,200,50,-0.004,-0.004,-0.004,-0.004,-0.003,-0.003,-0.004,-0.003,-0.004,-0.003,-0.004,-0.004,-0.004,-0.003,-0.003,-0.004,0,0,0,0
16:35:21,12,23.8,12,-1.01,4,-0.05,200,50,-0.004,-0.004,-0.004,-0.004,-0.003,-0.003,-0.004,-0.003,-0.004,-0.003,-0.004,-0.004,-0.004,-0.003,-0.003,-0.004,0,0,0,0
16:35:22,11.9,23.8,12,-1.01,3.93,-0.05,200,50,-0.004,-0.004,-0.004,-0.004,-0.003,-0.003,-0.004,-0.003,-0.004,-0.003,-0.004,-0.004,-0.004,-0.003,-0.003,-0.004,0,0,0,0
16:35:23,11.9,23.8,12,-1,3.87,-0.051,200,50,-0.004,-0.004,-0.004,-0.004,-0.003,-0.003,-0.004,-0.003,-0.004,-0.003,-0.004,-0.004,-0.004,-0.003,-0.003,-0.004,0,0,0,0
16:35:24,11.7,23.8,12,-1,3.89,-0.053,200,50,-0.004,-0.004,-0.004,-0.004,-0.003,-0.003,-0.004,-0.003,-0.004,-0.003,-0.004,-0.004,-0.004,-0.003,-0.003,-0.004,0,0,0,0
16:35:25,11.8,23.8,12,-1.01,3.87,-0.054,200,50,-0.004,-0.004,-0.004,-0.004,-0.003,-0.003,-0.004,-0.003,-0.004,-0.003,-0.004,-0.004,-0.004,-0.003,-0.003,-0.004,0,0,0,0
16:35:26,11.7,23.8,12,-1.02,3.81,-0.054,200,50,-0.004,-0.004,-0.004,-0.004,-0.003,-0.003,-0.004,-0.003,-0.004,-0.003,-0.004,-0.004,-0.004,-0.003,-0.003,-0.004,0,0,0,0
16:35:27,11.9,23.8,12,-1.03,3.75,-0.051,200,50,-0.004,-0.004,-0.004,-0.004,-0.003,-0.003,-0.004,-0.003,-0.004,-0.003,-0.004,-0.004,-0.004,-0.003,-0.003,-0.004,0,0,0,0
16:35:28,11.7,23.8,12,-1.03,3.77,-0.051,200,50,-0.004,-0.004,-0.004,-0.004,-0.003,-0.003,-0.004,-0.003,-0.004,-0.003,-0.004,-0.004,-0.004,-0.003,-0.003,-0.004,0,0,0,0
16:35:29,11.9,23.8,12,-1.03,3.78,-0.05,200,50,-0.004,-0.004,-0.004,-0.004,-0.003,-0.003,-0.004,-0.003,-0.004,-0.003,-0.004,-0.004,-0.004,-0.003,-0.003,-0.004,0,0,0,0
16:35:30,12,23.8,12,-1.03,3.78,-0.049,200,50,-0.004,-0.004,-0.004,-0.004,-0.003,-0.003,-0.004,-0.003,-0.004,-0.003,-0.004,-0.004,-0.004,-0.003,-0.003,-0.004,0,0,0,0
16:35:31,11.9,23.8,12,-1.03,3.72,-0.049,200,50,-0.004,-0.004,-0.004,-0.004,-0.003,-0.003,-0.004,-0.003,-0.004,-0.003,-0.004,-0.004,-0.004,-0.003,-0.003,-0.004,0,0,0,0
16:35:32,11.8,23.8,12,-1.02,3.73,-0.047,200,50,-0.004,-0.004,-0.004,-0.004,-0.003,-0.003,-0.004,-0.003,-0.004,-0.003,-0.004,-0.004,-0.004,-0.003,-0.003,-0.004,0,0,0,0
16:35:33,11.7,23.8,12,-1.01,3.7,-0.045,200,50,-0.004,-0.004,-0.004,-0.004,-0.003,-0.003,-0.004,-0.003,-0.004,-0.003,-0.004,-0.004,-0.004,-0.003,-0.003,-0.004,0,0,0,0
16:35:34,11.9,23.8,12,-1.01,3.73,-0.05,200,50,-0.004,-0.004,-0.004,-0.004,-0.003,-0.003,-0.004,-0.003,-0.004,-0.003,-0.004,-0.004,-0.004,-0.003,-0.003,-0.004,0,0,0,0
16:35:35,11.8,23.8,12,-1.02,3.77,-0.052,200,50,-0.004,-0.004,-0.004,-0.004,-0.003,-0.003,-0.004,-0.003,-0.004,-0.003,-0.004,-0.004,-0.004,-0.003,-0.003,-0.004,0,0,0,0
16:35:36,11.7,23.8,12,-1.02,3.85,-0.052,200,50,-0.004,-0.004,-0.004,-0.004,-0.003,-0.003,-0.004,-0.003,-0.004,-0.003,-0.004,-0.004,-0.004,-0.003,-0.003,-0.004,0,0,0,0
16:35:37,11.8,23.8,12,-1.02,3.86,-0.049,200,50,-0.004,-0.004,-0.004,-0.004,-0.003,-0.003,-0.004,-0.003,-0.004,-0.003,-0.004,-0.004,-0.004,-0.003,-0.003,-0.004,0,0,0,0
16:35:38,11.8,23.8,12,-1.02,3.87,-0.046,200,50,-0.004,-0.004,-0.004,-0.004,-0.003,-0.003,-0.004,-0.003,-0.004,-0.003,-0.004,-0.004,-0.004,-0.003,-0.003,-0.004,0,0,0,0